path,bytes,sha256
experiments/comparisons/three_image_model_comparison_20260713T010547/baseline_measured1.log,20958,e2b1a53705771336ca44fcf82eb4dc42af7db475f8dd127aec161b59e7e58e08
experiments/comparisons/three_image_model_comparison_20260713T010547/baseline_measured2.log,20954,549d4c7d4551796d3c929c96af28d8ae2b910ff281762474a5b0f78ea88b157e
experiments/comparisons/three_image_model_comparison_20260713T010547/baseline_measured3.log,20962,f5ef6dfd405a3e01a9cb08b781b9190f4e406d3862cb80d84d82f5e44649b717
experiments/comparisons/three_image_model_comparison_20260713T010547/baseline_warmup1.log,20872,4050a2b742565d3adea10f3ea2d5d5ce0076c6183f46e525f886b77b1eeb621e
experiments/comparisons/three_image_model_comparison_20260713T010547/distilled_small_measured1.log,21073,597b4de5c6cd8f491c64fea9a0023713d2f78bae941cdc1bd376a6331f0dbbba
experiments/comparisons/three_image_model_comparison_20260713T010547/distilled_small_measured2.log,20986,737e0cd73c4a5dd7ae962be63e01d88e9b10a7496b27ad726e1a572ea2f808b5
experiments/comparisons/three_image_model_comparison_20260713T010547/distilled_small_measured3.log,21081,787c673ed0f8229edaeb73c61aa5e3f90dbe0d2f3624333580be1bc4f9aaa1c2
experiments/comparisons/three_image_model_comparison_20260713T010547/distilled_small_warmup1.log,20993,0345bdc54430425808593d3638128fae0f49e479dea104b3fb862da1b991a0a7
experiments/comparisons/three_image_model_comparison_20260713T010547/pruned60_measured1.log,21128,d94662542ac89bf346060a56245d0fb3f88afdc4d51be9595a9e220d0f1487b4
experiments/comparisons/three_image_model_comparison_20260713T010547/pruned60_measured2.log,21038,11c0aea7705994984cedd101de3409b3e4e91584187bd3370073c16bddab4fc2
experiments/comparisons/three_image_model_comparison_20260713T010547/pruned60_measured3.log,21043,54b801c9b7b1d1f7cb68863ceb0687e501dca9fb125eafd918f03d5ee1652bf5
experiments/comparisons/three_image_model_comparison_20260713T010547/pruned60_warmup1.log,21019,768432584c498d23bdd9e8fad1d9e686b4a2a74e202feb65bec5dd1437ce9c64
experiments/eval_guide/logs/FCOS_18_midogpp_xvalidation_smoke_cpu.log,26669,dc64e5bf80ebf7e215fe7b222661352f0b8e5d5c054d1c7ade7d5a56b8dde76f
experiments/eval_guide/logs/FCOS_18_midogpp_xvalidation_smoke_cpu_onnxruntime_cpu.log,26381,e58c484de06d3f21d1e7061365b791af7d85afd85cab6e86e2ac2601e86c2662
experiments/eval_guide/logs/FCOS_18_midogpp_xvalidation_smoke_cpu_openvino_cpu.log,27358,ec4be05b1a972c05332c7953dc6dc3e9605bcb8b91bd410ab19e98038db03cee
experiments/eval_guide/logs/FCOS_18_midogpp_xvalidation_smoke_cpu_openvino_cpu_fp32.log,27851,4909982e234e618e0b84a24dd53f5b348cc43718cc57903eb229bf7eec281056
experiments/eval_guide/logs/FCOS_18_midogpp_xvalidation_smoke_cpu_pruned_FCOS_18_depgraph_structural_10pct.log,27067,98249c2d2a6fb70f2ea27f90167952397a2000cab6499b0759665cf86c52ab78
experiments/eval_guide/logs/FCOS_18_midogpp_xvalidation_smoke_cpu_pruned_FCOS_18_structured_head_l2_10pct.log,26319,07b0a0e8d87adbcd175f5881acd73facffa53785c16e98db6560e2b1418f72dd
experiments/eval_guide/logs/FCOS_18_midogpp_xvalidation_smoke_cpu_pruned_FCOS_18_structured_head_l2_10pct_finetuned_auto_smoke.log,26402,917052f14fd11aca68860e3e3a626e8fa14eda77714f6d4114636102d0e27e83
experiments/eval_guide/logs/FCOS_18_midogpp_xvalidation_smoke_cpu_pruned_FCOS_18_structured_head_l2_10pct_finetuned_recovery_cuda.log,25841,6d5fed51c0c243d16f0266d2f6e7ab4627b1cb911b6b5d62a3405aca90851468
experiments/eval_guide/logs/FCOS_18_midogpp_xvalidation_smoke_cpu_pruned_FCOS_18_structured_head_l2_10pct_finetuned_smoke.log,26380,a82bf05167070c11da6c9b12f610bf13c82c8650d83dc9bac3388c75c02618dc
experiments/eval_guide/logs/FCOS_18_midogpp_xvalidation_smoke_cpu_pytorch_compile.log,27641,9c175d2fd076512932f871398e45ba8c6f6b622af199c4eaba887abea661947e
experiments/eval_guide/logs/FCOS_18_midogpp_xvalidation_smoke_cuda.log,9529,4ae11e2cd7f4cf3b8f0fa4d788c935bafb135eda22300d818d9e0438c493db0c
experiments/eval_guide/logs/FCOS_18_midogpp_xvalidation_smoke_cuda_tensorrt.log,8754,f46c44ede973aa05b2b6fc72b1cd0ff1f76a2ae7ebbeba56192dee98c37492e5
experiments/eval_guide/logs/FCOS_18_midogpp_xvalidation_test_cpu.log,733369,6e6fa66395c40b705b7f728070b753fcb699b6c4551f3ca2e6f5a2295fc91dd0
experiments/eval_guide/logs/FCOS_18_midogpp_xvalidation_test_quick_cpu_measured1.log,218273,2cf7348e6c8ecd44b2ecc048cab1402d9c23e7b1976eaacc0478b0de22203e86
experiments/eval_guide/logs/FCOS_18_midogpp_xvalidation_test_quick_cpu_measured2.log,218273,130cd03a7cf34b82d2d04c6855b2cab3c19148b8793c4695573ff9c6b3eae201
experiments/eval_guide/logs/FCOS_18_midogpp_xvalidation_test_quick_cpu_measured3.log,218273,a8c9cffb1de00534c916a710152ad6873e2ae53f1ed106e3a82a6e05bbd1019c
experiments/eval_guide/logs/FCOS_18_midogpp_xvalidation_test_quick_cpu_onnxruntime_cpu_measured1.log,218645,34e9501125efd3d8c1a6e4e5d21ab2d62a1420465c7f6edeb105761e12341ea0
experiments/eval_guide/logs/FCOS_18_midogpp_xvalidation_test_quick_cpu_onnxruntime_cpu_measured2.log,218645,0db7d6f232c9723a0f3ce9931cc7c514601c0f34fd5e5bd15b4453ef648df46d
experiments/eval_guide/logs/FCOS_18_midogpp_xvalidation_test_quick_cpu_onnxruntime_cpu_measured3.log,218645,641dcd6cbcf23ce18739a0fa4592908244624022f41130f0c645603033482192
experiments/eval_guide/logs/FCOS_18_midogpp_xvalidation_test_quick_cpu_onnxruntime_cpu_warmup1.log,218632,3a2ee096be89f652a3bac2963236d4c28c859c0e6f1a6925cae280b3cb73dbda
experiments/eval_guide/logs/FCOS_18_midogpp_xvalidation_test_quick_cpu_openvino_cpu_fp32_measured1.log,218938,ad56e19e61c7e691eec14aa00b9eb1a3ec9f1c2fecfbaabd7063bec2c2f79ccc
experiments/eval_guide/logs/FCOS_18_midogpp_xvalidation_test_quick_cpu_openvino_cpu_fp32_measured2.log,218939,09465d988f801b73af41a61356cdbe12ea666b300ca8f5d371fb4d9b215556d9
experiments/eval_guide/logs/FCOS_18_midogpp_xvalidation_test_quick_cpu_openvino_cpu_fp32_measured3.log,218939,09673474601c414a9c31605e2c0ecf94e8e55f505fd5e1996ab0fae710dd02f8
experiments/eval_guide/logs/FCOS_18_midogpp_xvalidation_test_quick_cpu_openvino_cpu_fp32_warmup1.log,218926,691348a34fd54d543c33c88fb300b47e9530bea97ef8d0e8688476f35579140b
experiments/eval_guide/logs/FCOS_18_midogpp_xvalidation_test_quick_cpu_openvino_cpu_measured1.log,219270,fbfbba5acbe215936b9795384e320400d1e37579db5af7589edd473564c405e3
experiments/eval_guide/logs/FCOS_18_midogpp_xvalidation_test_quick_cpu_openvino_cpu_measured2.log,219270,3a71de28688eba01a09c598ed95e95aae9f22a4141bcac64dfb750efd934ff4e
experiments/eval_guide/logs/FCOS_18_midogpp_xvalidation_test_quick_cpu_openvino_cpu_measured3.log,219270,5c3d4d37c7a0a98624aea5aa4c553ae51d823e9e93d0ab71c03614850c6c0d13
experiments/eval_guide/logs/FCOS_18_midogpp_xvalidation_test_quick_cpu_openvino_cpu_warmup1.log,219260,c94c3912d3de339dd6438a19e6d4beffa572358849536c0f4fe2b3271a2e16b5
experiments/eval_guide/logs/FCOS_18_midogpp_xvalidation_test_quick_cpu_pruned_FCOS_18_structured_head_l2_10pct_finetuned_recovery_cuda_measured1.log,218856,a7d780fba6aa160c5d78d96c458cccffae6f3b95018565013d5fd2893790885d
experiments/eval_guide/logs/FCOS_18_midogpp_xvalidation_test_quick_cpu_pruned_FCOS_18_structured_head_l2_10pct_finetuned_recovery_cuda_measured2.log,218855,a479d6457b83a136bfb4e8da0b929abcaf67d51e002232a6db4edb0479208d70
experiments/eval_guide/logs/FCOS_18_midogpp_xvalidation_test_quick_cpu_pruned_FCOS_18_structured_head_l2_10pct_finetuned_recovery_cuda_measured3.log,218855,1c221f835691237757c6c9441b0c96cd85ef40370d06005e6bf4ae0e3c23389d
experiments/eval_guide/logs/FCOS_18_midogpp_xvalidation_test_quick_cpu_pruned_FCOS_18_structured_head_l2_10pct_finetuned_recovery_cuda_warmup1.log,218845,10652cd7a2e9bd42a8451140cedfba1e563a3f194811d822b45400e9ce3ad794
experiments/eval_guide/logs/FCOS_18_midogpp_xvalidation_test_quick_cpu_pytorch_compile_measured1.log,218884,babb66007267b8448fc1b7240df040d336399cd4a0e972f428b7da533e15e71c
experiments/eval_guide/logs/FCOS_18_midogpp_xvalidation_test_quick_cpu_pytorch_compile_measured2.log,218884,0f85351fd069a8442327ef807de3068b125a748c172bac3ec2b12f6e27ac6871
experiments/eval_guide/logs/FCOS_18_midogpp_xvalidation_test_quick_cpu_pytorch_compile_measured3.log,218884,049c033a950f9b08f1aa30ea75ba8b197a0780eef266c87f3bbb072a71fa314d
experiments/eval_guide/logs/FCOS_18_midogpp_xvalidation_test_quick_cpu_pytorch_compile_warmup1.log,218871,324ec87336123150125826f25fb0e75f9fe66564f16456755a1b53cc7870fdfc
experiments/eval_guide/logs/FCOS_18_midogpp_xvalidation_test_quick_cpu_warmup1.log,94163,d1eb17b0a0cfcd5c420c49d7462bbb7f6db28a4ecd07c3d314aa6e1f2372ae2f
experiments/eval_guide/logs/FCOS_18_midogpp_xvalidation_test_quick_cuda_measured1.log,63110,77a81a0c1f543e1b895de70025eafe77f884cd90ab7829e28d67f214110cdcca
experiments/eval_guide/logs/FCOS_18_midogpp_xvalidation_test_quick_cuda_measured2.log,61575,36be4300f2fb7a01fa49a4cf4a6e70791baf0fc642a2ed56eb4abab8f5192a2f
experiments/eval_guide/logs/FCOS_18_midogpp_xvalidation_test_quick_cuda_measured3.log,60974,dfed5b361628c6d3ac3dee61750428b35988713dd41443a8d4d926800666a22a
experiments/eval_guide/logs/FCOS_18_midogpp_xvalidation_test_quick_cuda_tensorrt_measured1.log,52422,02c0ae5ac9c43f9b8aeb9774a4eac853ac889f8d3a1213e7e777a935671f557e
experiments/eval_guide/logs/FCOS_18_midogpp_xvalidation_test_quick_cuda_tensorrt_measured2.log,53584,449315c0b1c88bbc5c24711563322083e1f01d988bea0b98ffd41e547aa2173a
experiments/eval_guide/logs/FCOS_18_midogpp_xvalidation_test_quick_cuda_tensorrt_measured3.log,51628,8b4889a2960e420c242e432d4cba5cbfa001d0a503fe702a8bb37a804e663747
experiments/eval_guide/logs/FCOS_18_midogpp_xvalidation_test_quick_cuda_tensorrt_warmup1.log,52551,1c28331077a64832668588a493ef0ad8a9687335a18fdd11833f2838a7b84219
experiments/eval_guide/logs/FCOS_18_midogpp_xvalidation_test_quick_cuda_warmup1.log,60862,fa0fdf00f86fc3ba31c4540168006455928f149c78023d78b015264076fc8b7a
experiments/eval_guide/logs/FCOS_x101_midogpp_xvalidation_test_cpu.log,733592,b4d1ff0831f6886ca4c8424294a5b2c8a1da0e448a6bef56081b440ea6db1b78
experiments/eval_guide/logs/FCOS_x50_midogpp_xvalidation_test_cpu.log,733477,18334acbaa036b35384bd4ad402d655efc44f9276c8f954f94387aa35c40a681
experiments/final_cpu_4physicalcore_rerun_20260906/diagnostic/baseline_openvino_int8/rep1/predictions.json,450544,bc5e124b725568c13991cdca13b5d8318ee00ee2c21026209f44140bc3b039ee
experiments/final_cpu_4physicalcore_rerun_20260906/diagnostic/baseline_openvino_int8/rep1/stdout_stderr.log,21785,d178812d41b1f3f53bdeb613b89c84a3948b518643177cb7aac284e7f9763449
experiments/final_cpu_4physicalcore_rerun_20260906/diagnostic/baseline_openvino_int8/rep2/predictions.json,450544,bc5e124b725568c13991cdca13b5d8318ee00ee2c21026209f44140bc3b039ee
experiments/final_cpu_4physicalcore_rerun_20260906/diagnostic/baseline_openvino_int8/rep2/stdout_stderr.log,21785,27655239b2db9b6996d24f8d8285eda3950cb93d744f3a729fd2f5a3a8655026
experiments/final_cpu_4physicalcore_rerun_20260906/diagnostic/baseline_openvino_int8/rep3/predictions.json,450544,bc5e124b725568c13991cdca13b5d8318ee00ee2c21026209f44140bc3b039ee
experiments/final_cpu_4physicalcore_rerun_20260906/diagnostic/baseline_openvino_int8/rep3/stdout_stderr.log,21785,61cdf9d45084738a9b9028f7bfefa042039da8bc4077cf1b133342bc67fba039
experiments/final_cpu_4physicalcore_rerun_20260906/diagnostic/baseline_ort_fp32/rep1/predictions.json,437637,9743a3843aae9418bf4ae3d02e3f38b249696195475ff4970f32661eed25577d
experiments/final_cpu_4physicalcore_rerun_20260906/diagnostic/baseline_ort_fp32/rep1/stdout_stderr.log,21824,48bdca3b41d6fc42b2b6aafbc87f1ef6438b88ace08201dbe365135a73cc63d7
experiments/final_cpu_4physicalcore_rerun_20260906/diagnostic/baseline_ort_fp32/rep2/predictions.json,437637,9743a3843aae9418bf4ae3d02e3f38b249696195475ff4970f32661eed25577d
experiments/final_cpu_4physicalcore_rerun_20260906/diagnostic/baseline_ort_fp32/rep2/stdout_stderr.log,21824,ee5852c14364aea18a6d9236e42a04ce80488c879078abccb37886ca462d721c
experiments/final_cpu_4physicalcore_rerun_20260906/diagnostic/baseline_ort_fp32/rep3/predictions.json,437637,9743a3843aae9418bf4ae3d02e3f38b249696195475ff4970f32661eed25577d
experiments/final_cpu_4physicalcore_rerun_20260906/diagnostic/baseline_ort_fp32/rep3/stdout_stderr.log,21824,3b308db29e440672ec25698a0377c706663ee6237d6ef51545f73692412a2a9b
experiments/final_cpu_4physicalcore_rerun_20260906/diagnostic/baseline_ort_int8/rep1/predictions.json,454628,e748ef94e7eced51e8cc1da177130636c63aa5316e01c431e686b003b832e283
experiments/final_cpu_4physicalcore_rerun_20260906/diagnostic/baseline_ort_int8/rep1/stdout_stderr.log,21826,960a0f8fb57529473b7e9751612ce4b1d379756423a432725427e83d649d29be
experiments/final_cpu_4physicalcore_rerun_20260906/diagnostic/baseline_ort_int8/rep2/predictions.json,454628,e748ef94e7eced51e8cc1da177130636c63aa5316e01c431e686b003b832e283
experiments/final_cpu_4physicalcore_rerun_20260906/diagnostic/baseline_ort_int8/rep2/stdout_stderr.log,21826,dc9422a6617db0f5cd7477d2847892879be558a8958afcaffb58b251df7517a5
experiments/final_cpu_4physicalcore_rerun_20260906/diagnostic/baseline_ort_int8/rep3/predictions.json,454628,e748ef94e7eced51e8cc1da177130636c63aa5316e01c431e686b003b832e283
experiments/final_cpu_4physicalcore_rerun_20260906/diagnostic/baseline_ort_int8/rep3/stdout_stderr.log,21826,ce1c29227f1e8b2409bce16cd2d2a4aca67680cbbc8af130ef89617766e15539
experiments/final_cpu_4physicalcore_rerun_20260906/diagnostic/baseline_pytorch_fp32/rep1/predictions.json,437576,81d39cb146f79bb732177d11201106da71f9ac82e4df3e14f4b84d5b315c0d45
experiments/final_cpu_4physicalcore_rerun_20260906/diagnostic/baseline_pytorch_fp32/rep1/stdout_stderr.log,21576,90d83a251611bd271a2f5383c4f4cef08ba4427c659464a6fa0569922131cab3
experiments/final_cpu_4physicalcore_rerun_20260906/diagnostic/baseline_pytorch_fp32/rep2/predictions.json,437576,81d39cb146f79bb732177d11201106da71f9ac82e4df3e14f4b84d5b315c0d45
experiments/final_cpu_4physicalcore_rerun_20260906/diagnostic/baseline_pytorch_fp32/rep2/stdout_stderr.log,21576,8d9584dfc51603042be4035b2aa6f14d93744188dda73af7e562e0ee3bb7943f
experiments/final_cpu_4physicalcore_rerun_20260906/diagnostic/baseline_pytorch_fp32/rep3/predictions.json,437576,81d39cb146f79bb732177d11201106da71f9ac82e4df3e14f4b84d5b315c0d45
experiments/final_cpu_4physicalcore_rerun_20260906/diagnostic/baseline_pytorch_fp32/rep3/stdout_stderr.log,21576,bbcd2527b74f811ef7d3add8b296192c14c54cbb7a107f9eb31bf86dbeff3754
experiments/final_cpu_4physicalcore_rerun_20260906/diagnostic/pruned60_openvino_int8/rep1/predictions.json,655986,3da2f86da09ddf030269db2a49c2ebaedd2c4f92bcc711ea46fd782284bb3290
experiments/final_cpu_4physicalcore_rerun_20260906/diagnostic/pruned60_openvino_int8/rep1/stdout_stderr.log,21770,eb5d8ef547cb7720d0be24dae303e1f780c26285774c611daa8be40a80d97c44
experiments/final_cpu_4physicalcore_rerun_20260906/diagnostic/pruned60_openvino_int8/rep2/predictions.json,655986,3da2f86da09ddf030269db2a49c2ebaedd2c4f92bcc711ea46fd782284bb3290
experiments/final_cpu_4physicalcore_rerun_20260906/diagnostic/pruned60_openvino_int8/rep2/stdout_stderr.log,21770,353c1deecbb6b2aa2fd11580d2a0ca9895899ba91cb90c7ad0f0b49d2697f2a0
experiments/final_cpu_4physicalcore_rerun_20260906/diagnostic/pruned60_openvino_int8/rep3/predictions.json,655986,3da2f86da09ddf030269db2a49c2ebaedd2c4f92bcc711ea46fd782284bb3290
experiments/final_cpu_4physicalcore_rerun_20260906/diagnostic/pruned60_openvino_int8/rep3/stdout_stderr.log,21770,03cfa09f3d6dcab2a688672efdcec7f92dc5f5c407032b2fcf584575cbe23807
experiments/final_cpu_4physicalcore_rerun_20260906/diagnostic/pruned60_openvino_strict_fp32/rep1/predictions.json,635922,80ec46e233100631e25e94a554312e971a0eef2c81e22e8f792c60eb852a534b
experiments/final_cpu_4physicalcore_rerun_20260906/diagnostic/pruned60_openvino_strict_fp32/rep1/stdout_stderr.log,22060,8474b0c211e1b4e8cfed8688ee276968d85c3abc36b1249d34d02ab0331c1ddb
experiments/final_cpu_4physicalcore_rerun_20260906/diagnostic/pruned60_openvino_strict_fp32/rep2/predictions.json,635922,80ec46e233100631e25e94a554312e971a0eef2c81e22e8f792c60eb852a534b
experiments/final_cpu_4physicalcore_rerun_20260906/diagnostic/pruned60_openvino_strict_fp32/rep2/stdout_stderr.log,22060,a81d661827018886eb05739f15cf849552075350124200c6a42d9f65deb485dc
experiments/final_cpu_4physicalcore_rerun_20260906/diagnostic/pruned60_openvino_strict_fp32/rep3/predictions.json,635922,80ec46e233100631e25e94a554312e971a0eef2c81e22e8f792c60eb852a534b
experiments/final_cpu_4physicalcore_rerun_20260906/diagnostic/pruned60_openvino_strict_fp32/rep3/stdout_stderr.log,22060,0aae9988afd39decc841caf1e4d9e0f12d8be25df0fc889678b3fe130e94d762
experiments/final_cpu_4physicalcore_rerun_20260906/diagnostic/pruned60_ort_fp32/rep1/predictions.json,635753,f29b224f6bffbe59aa48e8bd0e29db6699efacad2f5d2b5cff8bb4414f8b20e3
experiments/final_cpu_4physicalcore_rerun_20260906/diagnostic/pruned60_ort_fp32/rep1/stdout_stderr.log,21824,576e0315a05bec5c07adbb9ee16f725ca0b5677fa3f2edac71884e0348e3ca46
experiments/final_cpu_4physicalcore_rerun_20260906/diagnostic/pruned60_ort_fp32/rep2/predictions.json,635753,f29b224f6bffbe59aa48e8bd0e29db6699efacad2f5d2b5cff8bb4414f8b20e3
experiments/final_cpu_4physicalcore_rerun_20260906/diagnostic/pruned60_ort_fp32/rep2/stdout_stderr.log,21824,16b00c1ca21172d91d9f88402e0187d2663f7c0981939eed99488577f57c7a33
experiments/final_cpu_4physicalcore_rerun_20260906/diagnostic/pruned60_ort_fp32/rep3/predictions.json,635753,f29b224f6bffbe59aa48e8bd0e29db6699efacad2f5d2b5cff8bb4414f8b20e3
experiments/final_cpu_4physicalcore_rerun_20260906/diagnostic/pruned60_ort_fp32/rep3/stdout_stderr.log,21824,d1bbf4f1f94ea63f1498e1b865d46cbf0e0fbadfc39c60559779e04d4088825d
experiments/final_cpu_4physicalcore_rerun_20260906/diagnostic/pruned60_ort_int8/rep1/predictions.json,664423,c19e3152040da2c758353f888673b7d8b12549783316f8fa3d4175cdfc4899f1
experiments/final_cpu_4physicalcore_rerun_20260906/diagnostic/pruned60_ort_int8/rep1/stdout_stderr.log,21825,d5842ca60dac8e01e16efe10e711918ff8508d65dc7d6e6709813925e9f762e5
experiments/final_cpu_4physicalcore_rerun_20260906/diagnostic/pruned60_ort_int8/rep2/predictions.json,664423,c19e3152040da2c758353f888673b7d8b12549783316f8fa3d4175cdfc4899f1
experiments/final_cpu_4physicalcore_rerun_20260906/diagnostic/pruned60_ort_int8/rep2/stdout_stderr.log,21825,722b7ef8a3b8a66ba9ae16966e2e6957172719d8551fe8ff4b76facf16133358
experiments/final_cpu_4physicalcore_rerun_20260906/diagnostic/pruned60_ort_int8/rep3/predictions.json,664423,c19e3152040da2c758353f888673b7d8b12549783316f8fa3d4175cdfc4899f1
experiments/final_cpu_4physicalcore_rerun_20260906/diagnostic/pruned60_ort_int8/rep3/stdout_stderr.log,21825,b31a4522865448313fb4439356bf14201ca33d3f5e71cb88a303518a5c8a143c
experiments/final_cpu_4physicalcore_rerun_20260906/diagnostic/pruned60_pytorch_fp32/rep1/predictions.json,635860,fc1bf513dffcb24e7c9ed10ee36fc5ab64f542bfff3829a43bb2c91a62535884
experiments/final_cpu_4physicalcore_rerun_20260906/diagnostic/pruned60_pytorch_fp32/rep1/stdout_stderr.log,21576,b9e3bd528522fe9e4b951bd4a4a5f5e3396c2169f4e750e115fe14f4449f2bc0
experiments/final_cpu_4physicalcore_rerun_20260906/diagnostic/pruned60_pytorch_fp32/rep2/predictions.json,635860,fc1bf513dffcb24e7c9ed10ee36fc5ab64f542bfff3829a43bb2c91a62535884
experiments/final_cpu_4physicalcore_rerun_20260906/diagnostic/pruned60_pytorch_fp32/rep2/stdout_stderr.log,21576,fec4282e102a1ae1d47346fd7189f6f2f695f7e1bc17c9b92cb1d9bd82465a12
experiments/final_cpu_4physicalcore_rerun_20260906/diagnostic/pruned60_pytorch_fp32/rep3/predictions.json,635860,fc1bf513dffcb24e7c9ed10ee36fc5ab64f542bfff3829a43bb2c91a62535884
experiments/final_cpu_4physicalcore_rerun_20260906/diagnostic/pruned60_pytorch_fp32/rep3/stdout_stderr.log,21576,174b4ff4138344039e6e93dea2266efc7e82410675daa821617937e55e4bec96
experiments/final_cpu_4physicalcore_rerun_20260906/diagnostic_invalid_concurrent_load/baseline_ort_fp32/rep1/predictions.json,437637,9743a3843aae9418bf4ae3d02e3f38b249696195475ff4970f32661eed25577d
experiments/final_cpu_4physicalcore_rerun_20260906/diagnostic_invalid_concurrent_load/baseline_ort_fp32/rep1/stdout_stderr.log,21828,6fe4d214ea30870fe0b3aa33de8031a5b7e7350adeda87eb716b6d1518e59b69
experiments/final_cpu_4physicalcore_rerun_20260906/diagnostic_invalid_concurrent_load/baseline_ort_fp32/rep2/predictions.json,437637,9743a3843aae9418bf4ae3d02e3f38b249696195475ff4970f32661eed25577d
experiments/final_cpu_4physicalcore_rerun_20260906/diagnostic_invalid_concurrent_load/baseline_ort_fp32/rep2/stdout_stderr.log,21828,c420341fc1b9b32bbc321b457e003b9f079df19a581953d0323ffd378c2f8b60
experiments/final_cpu_4physicalcore_rerun_20260906/diagnostic_invalid_concurrent_load/baseline_ort_int8/rep1/predictions.json,454628,e748ef94e7eced51e8cc1da177130636c63aa5316e01c431e686b003b832e283
experiments/final_cpu_4physicalcore_rerun_20260906/diagnostic_invalid_concurrent_load/baseline_ort_int8/rep1/stdout_stderr.log,21830,65927c671d6e58320dc1de257225170e05d7acec07dc683e9bff07405d06aca4
experiments/final_cpu_4physicalcore_rerun_20260906/diagnostic_invalid_concurrent_load/pruned60_ort_fp32/rep1/predictions.json,635753,f29b224f6bffbe59aa48e8bd0e29db6699efacad2f5d2b5cff8bb4414f8b20e3
experiments/final_cpu_4physicalcore_rerun_20260906/diagnostic_invalid_concurrent_load/pruned60_ort_fp32/rep1/stdout_stderr.log,21828,c0b4601427be6f99208f5d16ed7b4dfef311a9b301479174fa8cbad18b384991
experiments/final_cpu_4physicalcore_rerun_20260906/diagnostic_invalid_concurrent_load/pruned60_ort_fp32/rep2/stdout_stderr.log,13045,316a3262a8b70d097d9e8c9fa781d75be7b9bdb1c52c7df12593dd8bb74abe1b
experiments/final_cpu_4physicalcore_rerun_20260906/diagnostic_invalid_concurrent_load/pruned60_ort_int8/rep1/predictions.json,664423,c19e3152040da2c758353f888673b7d8b12549783316f8fa3d4175cdfc4899f1
experiments/final_cpu_4physicalcore_rerun_20260906/diagnostic_invalid_concurrent_load/pruned60_ort_int8/rep1/stdout_stderr.log,21829,9ca86ff67ec1bef0424484fc1112c756509235efe3c728f842feab2be12713f7
experiments/final_cpu_4physicalcore_rerun_20260906/diagnostic_invalid_ort_auto_affinity/baseline_ort_fp32/rep1/predictions.json,437637,9743a3843aae9418bf4ae3d02e3f38b249696195475ff4970f32661eed25577d
experiments/final_cpu_4physicalcore_rerun_20260906/diagnostic_invalid_ort_auto_affinity/baseline_ort_fp32/rep1/stdout_stderr.log,21824,4cb8d93dc395c1a57aa019e9904afdd4a932dc60d7d971f0b8094ea2e64f71d9
experiments/final_cpu_4physicalcore_rerun_20260906/diagnostic_invalid_ort_auto_affinity/baseline_ort_fp32/rep2/predictions.json,437637,9743a3843aae9418bf4ae3d02e3f38b249696195475ff4970f32661eed25577d
experiments/final_cpu_4physicalcore_rerun_20260906/diagnostic_invalid_ort_auto_affinity/baseline_ort_fp32/rep2/stdout_stderr.log,21824,1ae6264fdc21b43ebaf9b6bf6c5b46b2ea0ff2a92bb34395b36d71acd978c60a
experiments/final_cpu_4physicalcore_rerun_20260906/diagnostic_invalid_ort_auto_affinity/baseline_ort_fp32/rep3/predictions.json,437637,9743a3843aae9418bf4ae3d02e3f38b249696195475ff4970f32661eed25577d
experiments/final_cpu_4physicalcore_rerun_20260906/diagnostic_invalid_ort_auto_affinity/baseline_ort_fp32/rep3/stdout_stderr.log,21824,175dad11e00ef98862cc0733a4a40810d45404dfd92a7152aadbb3086dc8ae74
experiments/final_cpu_4physicalcore_rerun_20260906/diagnostic_invalid_ort_auto_affinity/baseline_ort_int8/rep1/predictions.json,454628,e748ef94e7eced51e8cc1da177130636c63aa5316e01c431e686b003b832e283
experiments/final_cpu_4physicalcore_rerun_20260906/diagnostic_invalid_ort_auto_affinity/baseline_ort_int8/rep1/stdout_stderr.log,21826,c4b8ab0229e4b121b05bf416d674b659bad46615100e3bf0428f7ad94eaa947a
experiments/final_cpu_4physicalcore_rerun_20260906/diagnostic_invalid_ort_auto_affinity/baseline_ort_int8/rep2/predictions.json,454628,e748ef94e7eced51e8cc1da177130636c63aa5316e01c431e686b003b832e283
experiments/final_cpu_4physicalcore_rerun_20260906/diagnostic_invalid_ort_auto_affinity/baseline_ort_int8/rep2/stdout_stderr.log,21826,151b4ab586c549832fbb662fba13a102105f9c52f3f33ff98a2e49c1026c7abd
experiments/final_cpu_4physicalcore_rerun_20260906/diagnostic_invalid_ort_auto_affinity/baseline_ort_int8/rep3/predictions.json,454628,e748ef94e7eced51e8cc1da177130636c63aa5316e01c431e686b003b832e283
experiments/final_cpu_4physicalcore_rerun_20260906/diagnostic_invalid_ort_auto_affinity/baseline_ort_int8/rep3/stdout_stderr.log,21826,b80d37644e7c3d19f6c5d5a618d13e852433bc6c4e49bc433789e50f2358316a
experiments/final_cpu_4physicalcore_rerun_20260906/diagnostic_invalid_ort_auto_affinity/pruned60_ort_fp32/rep1/predictions.json,635753,f29b224f6bffbe59aa48e8bd0e29db6699efacad2f5d2b5cff8bb4414f8b20e3
experiments/final_cpu_4physicalcore_rerun_20260906/diagnostic_invalid_ort_auto_affinity/pruned60_ort_fp32/rep1/stdout_stderr.log,21824,2b2f9b10e58fefd2527f1265872af22203a6bc8d2bc8d0d8e86818c0bd846ebe
experiments/final_cpu_4physicalcore_rerun_20260906/diagnostic_invalid_ort_auto_affinity/pruned60_ort_fp32/rep2/predictions.json,635753,f29b224f6bffbe59aa48e8bd0e29db6699efacad2f5d2b5cff8bb4414f8b20e3
experiments/final_cpu_4physicalcore_rerun_20260906/diagnostic_invalid_ort_auto_affinity/pruned60_ort_fp32/rep2/stdout_stderr.log,21824,ef08d2988b1107743aa45380d2964b19ece973dd930f2a292f5b797f4b0202bf
experiments/final_cpu_4physicalcore_rerun_20260906/diagnostic_invalid_ort_auto_affinity/pruned60_ort_fp32/rep3/predictions.json,635753,f29b224f6bffbe59aa48e8bd0e29db6699efacad2f5d2b5cff8bb4414f8b20e3
experiments/final_cpu_4physicalcore_rerun_20260906/diagnostic_invalid_ort_auto_affinity/pruned60_ort_fp32/rep3/stdout_stderr.log,21824,d87b055b7ad6eb2cb4dbfbcc24d268781fcf1e3c97fb6f0984412605821ab426
experiments/final_cpu_4physicalcore_rerun_20260906/diagnostic_invalid_ort_auto_affinity/pruned60_ort_int8/rep1/predictions.json,664423,c19e3152040da2c758353f888673b7d8b12549783316f8fa3d4175cdfc4899f1
experiments/final_cpu_4physicalcore_rerun_20260906/diagnostic_invalid_ort_auto_affinity/pruned60_ort_int8/rep1/stdout_stderr.log,21825,02dcc9ddc3a2dd4fe64fb401c3a6ec2a3c3c329a096bc4e58a7d7be21f360a71
experiments/final_cpu_4physicalcore_rerun_20260906/diagnostic_invalid_ort_auto_affinity/pruned60_ort_int8/rep2/predictions.json,664423,c19e3152040da2c758353f888673b7d8b12549783316f8fa3d4175cdfc4899f1
experiments/final_cpu_4physicalcore_rerun_20260906/diagnostic_invalid_ort_auto_affinity/pruned60_ort_int8/rep2/stdout_stderr.log,21825,71ccc22b98049800d37d59bc300ae588c697f926412395a35d1f1743a594741a
experiments/final_cpu_4physicalcore_rerun_20260906/diagnostic_invalid_ort_auto_affinity/pruned60_ort_int8/rep3/predictions.json,664423,c19e3152040da2c758353f888673b7d8b12549783316f8fa3d4175cdfc4899f1
experiments/final_cpu_4physicalcore_rerun_20260906/diagnostic_invalid_ort_auto_affinity/pruned60_ort_int8/rep3/stdout_stderr.log,21825,c85c038181ced45bdb8a0655654ec76db4554630569e817d5498da7d70707408
experiments/final_cpu_4physicalcore_rerun_20260906/full/baseline_openvino_int8/rep1/predictions.json,14812342,f175d6d5e674518695d0ee2b177390c686fa6f6cb78fcad703877a4687eb8cf1
experiments/final_cpu_4physicalcore_rerun_20260906/full/baseline_openvino_int8/rep1/stdout_stderr.log,733018,157cef84065f6bb030ba79ad1832cb207dc59678e267ae17f466c21e89b727af
experiments/final_cpu_4physicalcore_rerun_20260906/full/baseline_ort_fp32/rep1/predictions.json,14364619,7c3bb935f50f47744a2909a4210046405c2f442c22705c13f9eb71b8ab39dc44
experiments/final_cpu_4physicalcore_rerun_20260906/full/baseline_ort_fp32/rep1/stdout_stderr.log,733318,a99d7324613a87e9517b640db21a429f546ad45aed5a832ff4218f11822e7440
experiments/final_cpu_4physicalcore_rerun_20260906/full/baseline_ort_int8/rep1/predictions.json,14791181,54308119f63bc6e3530654e6c9e98d8fc201808aa09ffc0110c09c859fd55f91
experiments/final_cpu_4physicalcore_rerun_20260906/full/baseline_ort_int8/rep1/stdout_stderr.log,733196,f2cab0642af6b1e787b5c29604ed4aa5f4f29135f98145fa9bd8dcc02d053d45
experiments/final_cpu_4physicalcore_rerun_20260906/full/baseline_pytorch_fp32/rep1/predictions.json,14365658,971d47aa0dee5f45adb95de86f743e88b590124c526e8462c9e426d568a81d18
experiments/final_cpu_4physicalcore_rerun_20260906/full/baseline_pytorch_fp32/rep1/stdout_stderr.log,733096,8a0a365a56db54d45283ad1339432e92347fc20f3ec04cefa3e7d746484ec7b4
experiments/final_cpu_4physicalcore_rerun_20260906/full/pruned60_openvino_int8/rep1/predictions.json,23412980,ad65b41a1987b3109a6030640fc825796e1b55cf587f906530e1697a25540b9a
experiments/final_cpu_4physicalcore_rerun_20260906/full/pruned60_openvino_int8/rep1/stdout_stderr.log,733015,f0975a9f0267cb70ceaeb9c4b6841f33f48905c3bd9070ee004d2f8ec9255f0c
experiments/final_cpu_4physicalcore_rerun_20260906/full/pruned60_openvino_strict_fp32/rep1/predictions.json,22783676,3c79126d1c9e6bbd2802ed9d4dc4c648e62dfb2ad918d9688b4f77dd36fc3534
experiments/final_cpu_4physicalcore_rerun_20260906/full/pruned60_openvino_strict_fp32/rep1/stdout_stderr.log,733481,12ac8a78dd87384e143bb82f0c78d0a24de37f07e1bf51bde3e94521e7207231
experiments/final_cpu_4physicalcore_rerun_20260906/full/pruned60_ort_fp32/rep1/predictions.json,22782538,8af83d60ad49d9d6bc246c2d5c0fb289bf693941171edc6fab06826c9a2b1d48
experiments/final_cpu_4physicalcore_rerun_20260906/full/pruned60_ort_fp32/rep1/stdout_stderr.log,733276,73480fbbec998fc4d5138bac5436a1593147ed0f36841eb72516551f192acac6
experiments/final_cpu_4physicalcore_rerun_20260906/full/pruned60_ort_int8/rep1/predictions.json,23603839,4d76367fe5ea72152bfbc40b85ef77a454465c3d52240030b052ec4dba6e6f84
experiments/final_cpu_4physicalcore_rerun_20260906/full/pruned60_ort_int8/rep1/stdout_stderr.log,733146,819220eca4afeccf679e1cc71d1bec1989245c5217c1c23d00399b4e037c17bb
experiments/final_cpu_4physicalcore_rerun_20260906/full/pruned60_pytorch_fp32/rep1/predictions.json,22783882,3c260dcdd08d881f78fd4af9ae2045ca56334b4a7de8c3e8cf7ff7aa58063c65
experiments/final_cpu_4physicalcore_rerun_20260906/full/pruned60_pytorch_fp32/rep1/stdout_stderr.log,733033,0113653cb438beb5772e38bde0a4614c3cca4214b68c6fc9541deb7d758e41ce
experiments/final_cpu_4physicalcore_rerun_20260906/full_invalid_stale_ort_auto_affinity/baseline_ort_fp32/rep1/predictions.json,14364619,7c3bb935f50f47744a2909a4210046405c2f442c22705c13f9eb71b8ab39dc44
experiments/final_cpu_4physicalcore_rerun_20260906/full_invalid_stale_ort_auto_affinity/baseline_ort_fp32/rep1/stdout_stderr.log,733158,369f6ba3d5f57cd48b3fd81bfade94df64d46dc995ef45fe7eb1d864ef3fd0f0
experiments/final_cpu_4physicalcore_rerun_20260906/full_invalid_stale_ort_auto_affinity/pruned60_ort_fp32/rep1/stdout_stderr.log,64484,d3457b87eeb0fcd95f7693f5bf230536cf4d0beb8b35dc0221702ba110aecad6
experiments/openvino_performance_audit_20260906/diagnostic_controlled_ort_rep1.log,24021,24ca301a8d385b01f29920b7d14039fbeda38c5836ca67d512c17e737d49e644
experiments/openvino_performance_audit_20260906/diagnostic_controlled_ort_rep2.log,24020,cfda42d7fed64cd430dd8ebf878af6acfd63bcf9c8d22d77b0f6eff9fe63a0ce
experiments/openvino_performance_audit_20260906/diagnostic_controlled_ort_rep3.log,24055,8798ddea7e20cb7019871b980daf3219ebf7892b125f9409ce4a4bf1c60b1477
experiments/openvino_performance_audit_20260906/diagnostic_corrected_openvino_rep1.log,24593,339515cf42b03dbd9f47ae109e9a4680950bbd0230491f7f9e1e222814a100aa
experiments/openvino_performance_audit_20260906/diagnostic_corrected_openvino_rep2.log,24596,0b1e4a800c32ae3a33de7cf9529339e3861ac8aa5d0afddc127865bbb15284e2
experiments/openvino_performance_audit_20260906/diagnostic_corrected_openvino_rep3.log,24594,9e1a26ad92466a3b22e7736e92e5366fbba3f2e251935e044a2111326ecae758
experiments/openvino_performance_audit_20260906/diagnostic_old_openvino_rep1.log,24586,d6607a750795f85a1f8b7d506fc5e5e9e3741ba594fcd28024fa565b362085ef
experiments/openvino_performance_audit_20260906/diagnostic_strict_f32_openvino_rep1.log,24377,aa0744c46f55106de7f349904b12183611aea6e87bf7a0e1669e708968cfa01d
experiments/openvino_performance_audit_20260906/diagnostic_strict_f32_openvino_rep2.log,24375,1fd9ed6fb923d5a772aaf63703aacc0dff41f969be06b3873c36a5dcbe158680
experiments/openvino_performance_audit_20260906/diagnostic_strict_f32_openvino_rep3.log,24376,cfb9f48c021265ae833efce625f5245967377c7639fd90b460b9c1ceba759447
experiments/openvino_performance_audit_20260906/full_corrected_openvino_fp32.log,735592,1ef0b92f953d81233ee6cf9bb42104bc3d9ac124b748c756ccea622f8793e1cd
experiments/openvino_performance_audit_20260906/full_corrected_openvino_fp32_predictions.json,14385242,7d64d97c6493c1eb22a8dcbcccc0f24312e06e584951ffef6028d5092c137f32
experiments/openvino_performance_audit_20260906/full_strict_f32_openvino.log,735500,76887b644ba0fcd6a589f4a6e07e54012475b2091700a82210b1f784647baf63
experiments/openvino_performance_audit_20260906/full_strict_f32_openvino_predictions.json,14365649,bc8b113661ec4d635ff064fe0987704caaebca811a87a4cea1e83b6c2227d992
experiments/pruning/boundary_tests/fcos18_depgraph_extreme_boundary/FCOS_18_baseline.log,24767,4ae47bfb37aff6b7e9647029d646c9db6a0dc9ddccd72f08e8b9db63b060fe62
experiments/pruning/boundary_tests/fcos18_depgraph_extreme_boundary/artifact_logs/fcos18_depgraph_fpn_head_30pct.log,1242,ee2c05791113ec8aabc1dbe6c46b113f7b9d32e84fb5ba08eebb86034f76d6f0
experiments/pruning/boundary_tests/fcos18_depgraph_extreme_boundary/artifact_logs/fcos18_depgraph_fpn_head_40pct.log,1242,fe6327915285f6df71710a5d40f3597a4810cf193d4266dc8a20fbeb892d55c5
experiments/pruning/boundary_tests/fcos18_depgraph_extreme_boundary/artifact_logs/fcos18_depgraph_structural_40pct.log,1246,52374b5b45353bf76d6ae5c0a857659214341e138e93f6ce6ef7853dc6b5fe6c
experiments/pruning/boundary_tests/fcos18_depgraph_extreme_boundary/artifact_logs/fcos18_depgraph_structural_50pct.log,1246,b11330de34c61a80a440861a7cb509f0b4a9023d2114154417ed5b69fd2e754c
experiments/pruning/boundary_tests/fcos18_depgraph_extreme_boundary/fcos18_depgraph_fpn_head_30pct.log,24809,4f53d3b120bd4a2597b21fc70352649d05c4e372370b63d1313a1872acf59fa8
experiments/pruning/boundary_tests/fcos18_depgraph_extreme_boundary/fcos18_depgraph_fpn_head_40pct.log,24809,6ca8ba9b2a82b74afe5c7f81839fd22356d8a1f80850277ed9905b6e341e2de7
experiments/pruning/boundary_tests/fcos18_depgraph_extreme_boundary/fcos18_depgraph_structural_40pct.log,24727,6b2990f0196ff20f6aead637d5b22915547c8750bcea0ce2a181834778d7efc0
experiments/pruning/boundary_tests/fcos18_depgraph_extreme_boundary/fcos18_depgraph_structural_50pct.log,24727,f510c1cc44c287d61048ae68ef2f494adf08b3c6b0385c9a1d67956120f4bd39
experiments/pruning/diagnostics/fpn_head_prediction_comparison/fcos18_depgraph_fpn_head_20pct/006_detections.json,209257,5bc46259937a07b635072876299a245d9510c2201b78de1d55e8f0e4db0fbf41
experiments/pruning/diagnostics/fpn_head_prediction_comparison/fcos18_depgraph_fpn_head_20pct/006_pre_nms_detections.json,672367,cfe8e8b9b2d1ab7a232e0a045b8ebba7a1c03e0cbd39c6f11c48617ae5e862a8
experiments/pruning/diagnostics/fpn_head_prediction_comparison/fcos18_depgraph_fpn_head_20pct/007_detections.json,208449,faec1bfff42348eb55ea8353cdb492d0e44fc0671834fd10349667b23004bf54
experiments/pruning/diagnostics/fpn_head_prediction_comparison/fcos18_depgraph_fpn_head_20pct/007_pre_nms_detections.json,691343,090084f6065bcd511eaea8998b0a22480a7115c2696af177bdb2ec34021656f8
experiments/pruning/diagnostics/fpn_head_prediction_comparison/fcos18_depgraph_fpn_head_20pct/014_detections.json,190664,a2bb23e6c44ad83b7d64e2d247e60cff84df9833aaf94b9541ae34367d22f667
experiments/pruning/diagnostics/fpn_head_prediction_comparison/fcos18_depgraph_fpn_head_20pct/014_pre_nms_detections.json,565793,f4dd5acc75e9e2ed10256e08f95e108013f4b6d9b10d1b3d7858bfe4fb95ad28
experiments/pruning/diagnostics/fpn_head_prediction_comparison/fcos18_depgraph_fpn_head_30pct/006_detections.json,224491,d8bfef545888ff75aa033b94cc2a806483ba67d4983bfc64f1fad7fd0806c9ed
experiments/pruning/diagnostics/fpn_head_prediction_comparison/fcos18_depgraph_fpn_head_30pct/006_pre_nms_detections.json,700488,d484dcef6d2cfac32d15601bc74fbf1adb281a7d01df42fd1ba66096c2595b6b
experiments/pruning/diagnostics/fpn_head_prediction_comparison/fcos18_depgraph_fpn_head_30pct/007_detections.json,218859,9505bf042f76336acaa63b7aeddbb804b9b3ebdbb0cdb6e0cdf3264edbd72d6e
experiments/pruning/diagnostics/fpn_head_prediction_comparison/fcos18_depgraph_fpn_head_30pct/007_pre_nms_detections.json,706286,a19e0a3847bffade29efac590a51e2e10ff928d34d2de0f404dcda637d524ff5
experiments/pruning/diagnostics/fpn_head_prediction_comparison/fcos18_depgraph_fpn_head_30pct/014_detections.json,192653,67575dc89d640b38315c6977dd0db47cf6f30940f63e4d37e62a5692ecd193b3
experiments/pruning/diagnostics/fpn_head_prediction_comparison/fcos18_depgraph_fpn_head_30pct/014_pre_nms_detections.json,577973,d41c331e25b1d94c7bc04b00082b8be141468789d3a394428e553d09b2b69e8d
experiments/pruning/diagnostics/fpn_head_prediction_comparison/fcos18_depgraph_fpn_head_40pct/006_detections.json,262294,f834f76e42b87bf98ea6c7287d6d361384bed9ba2a91c86ab06e2c99d3d65f09
experiments/pruning/diagnostics/fpn_head_prediction_comparison/fcos18_depgraph_fpn_head_40pct/006_pre_nms_detections.json,756290,bbf433bc885251343c91f0370b4855228020d24b8e58836416d761d88b1e7f96
experiments/pruning/diagnostics/fpn_head_prediction_comparison/fcos18_depgraph_fpn_head_40pct/007_detections.json,252527,2c37914b1c59b5604475698f9fd2f1279b4a21663191110eeb7996fb3f8b77e8
experiments/pruning/diagnostics/fpn_head_prediction_comparison/fcos18_depgraph_fpn_head_40pct/007_pre_nms_detections.json,747209,e396f32c364773bbf9c2c596513d5c7b63dfaca8ca66b59bd30b33a48eee6966
experiments/pruning/diagnostics/fpn_head_prediction_comparison/fcos18_depgraph_fpn_head_40pct/014_detections.json,212675,ca826302455c89a1e3c21cafc3933e5b8db49001b499541143934bcb8973bccd
experiments/pruning/diagnostics/fpn_head_prediction_comparison/fcos18_depgraph_fpn_head_40pct/014_pre_nms_detections.json,613931,c75dac0a1a0d6b6f8583a427e8bad53e76024e217affde5341339caadfff4042
experiments/pruning/evaluation/fcos18_depgraph_structural_10pct/FCOS_18_baseline.log,24755,7cfb39e747d9197bca9f9eab9d391d47f4d3036da63b6bf9a1c84ef50a88daa2
experiments/pruning/evaluation/fcos18_depgraph_structural_10pct/FCOS_18_depgraph_structural_10pct.log,24806,5b59c131389ac346b054126ae3877a349c9875d7d90c6eafbec75743b60f77a4
experiments/pruning/logs/fcos18_structured_head_l2_10pct_finetune_auto_smoke_20260531T215734Z.log,1965,43ade03034aa4598bd60f62a02bfb8cd18a66b795dbbcdba580f087885574297
experiments/pruning/logs/fcos18_structured_head_l2_10pct_finetune_recovery_cuda_20260531T223158Z.log,2089,559297b5dbe5ae98f3690c663fe1f7f29ac2dbcd1870feabcce11b37bf32d271
experiments/pruning/logs/fcos18_structured_head_l2_10pct_finetune_smoke_20260531T212938Z.log,1295,f8beea808569eec9588fe5708f299c001ec9edec060c9da84fe20aea2c0dd5de
experiments/pruning/logs/fcos18_structured_head_l2_10pct_finetune_smoke_20260531T213008Z.log,1400,6710134bd3087cd20b92276653daf877f6a14bec5a0acbcf44d7ac047ada827d
experiments/pruning/logs/fcos18_structured_head_l2_10pct_finetune_smoke_20260531T213028Z.log,1448,ef0b3366e352fec0ecf6706acd807f5d90c7c694a61968b4d61ff0913fd10b8e
experiments/pruning/logs/fcos18_structured_head_l2_10pct_finetune_smoke_20260531T213048Z.log,1448,7768ee8ea5cc0106b6541562be3a6d67bf4bf9c87c7e04145eeed54968201bcc
experiments/pruning/logs/fcos18_structured_head_l2_10pct_finetune_smoke_20260531T213127Z.log,1734,51f06659fce4134e860a11396a3e1f8c4e111c5a5fc3e2e4068e2405042b15d9
experiments/pruning/models/FCOS_18_depgraph_backbone_fpn_head_20pct.pt,52556274,01ecd4d9ef073505ca523fb0d96b53589083ed2c79d4fb420a3e54fd15e95a41
experiments/pruning/models/FCOS_18_depgraph_fpn_head_20pct.pt,69337457,effc7c44bac6bacc9c0476aa95246225677aec75b39d0c03c04e7c3c3c5ff4ed
experiments/pruning/models/FCOS_18_depgraph_fpn_head_30pct.pt,67502897,bc81be70796ae922523d2923eadc0e7097da8263ede20fde49ee9643ef1d1f42
experiments/pruning/models/FCOS_18_depgraph_fpn_head_40pct.pt,65833841,dbcf255a0f6f19cefb5f4361f1dc9f3cd008b7d91292db5d6dad182c12bc735a
experiments/pruning/models/FCOS_18_depgraph_fpn_head_50pct.pt,64331121,4bc77f9dbd875fabbf06c53c1c9667b7e5b03397f1a89a7de77b41116555f1c8
experiments/pruning/models/FCOS_18_depgraph_fpn_head_60pct.pt,62585201,27d78f008ede925991339b5beb3f71f3394937e112c3addc65adbbe9440bbc6b
experiments/pruning/models/FCOS_18_depgraph_fpn_head_70pct.pt,61469041,f3ae69423c90dd788904a543653d352d3c39f3936a8c87e8efa5e468054c4d7b
experiments/pruning/models/FCOS_18_depgraph_head_only_20pct.pt,74263210,8ef0c657568cc03324fe60dd4b2e60dca8d30d54364f1e3250b758b7a0be42ab
experiments/pruning/models/FCOS_18_depgraph_structural_10pct.pt,61730275,3bcd1f5c40eadc8324a8ed1c6a69a91691e78c4328965302bb47e3595db70d6d
experiments/pruning/models/FCOS_18_depgraph_structural_20pct.pt,52551843,e9b85e6faff076ce0640537dfbd456b7946384099bfec5edf78eac12c440d337
experiments/pruning/models/FCOS_18_depgraph_structural_30pct.pt,43908259,6bba54d9c6b110884a34bef3ded19eeee2e529c4c21c0b3448ca6c67d9d1c55c
experiments/pruning/models/FCOS_18_depgraph_structural_40pct.pt,36751267,d0c3b64c7b813bd8ccbf3a370cfe9df927edd181d0aeba7a785b5dd42517bac5
experiments/pruning/models/FCOS_18_depgraph_structural_50pct.pt,30823331,37ec5e8dd5e008e882c077ea1899b720d25803c3d2aa9ed71c1ae2dc0084a08b
experiments/pruning/models/FCOS_18_structured_head_l2_10pct.pt,74206007,1a889424efba39aca96f6f425219055bb4ba9dce782044839e25a30766b86553
experiments/pruning/models/FCOS_18_structured_head_l2_10pct_finetuned_auto_smoke.pt,74210171,72bc3a4c4f57a43e19f35f6075999353b7fe5be81ed61c74a834161907c62504
experiments/pruning/models/FCOS_18_structured_head_l2_10pct_finetuned_recovery_cuda.pt,74210967,f9e8d6d88ed10a5f0fe92466f15d484157b73d60ee8f70825253155dad76b637
experiments/pruning/models/FCOS_18_structured_head_l2_10pct_finetuned_smoke.pt,74209207,8e1c8791ebc1b0c96a6c156575e99d07f38fecfd46691132164c76612398b5d8
experiments/pruning/sweeps/fcos18_depgraph_fpn_head_extended_quick/artifact_logs/fcos18_depgraph_fpn_head_50pct.log,1241,45f905ed05d007f0289a0d419769e8750b087c6b077d35ba4a4c46fb47a042d3
experiments/pruning/sweeps/fcos18_depgraph_fpn_head_extended_quick/artifact_logs/fcos18_depgraph_fpn_head_60pct.log,1242,0d83794da64f356a8d53a06a89f47adec2fe410815f82413021407c4beb104de
experiments/pruning/sweeps/fcos18_depgraph_fpn_head_extended_quick/artifact_logs/fcos18_depgraph_fpn_head_70pct.log,1243,4f215c7999b57724741b18d27655762d052b61dae0dac8f55e2cf9d1ff65ee99
experiments/pruning/sweeps/fcos18_depgraph_fpn_head_extended_quick/quick_FCOS_18_baseline.log,216785,b2abd7504b06a68dce3727e80084b73f5d1657a2a366a6fc750fb898326a56e3
experiments/pruning/sweeps/fcos18_depgraph_fpn_head_extended_quick/quick_fcos18_depgraph_fpn_head_20pct.log,216824,121189042c5119d5b778c5a8b03ef9698ab85835e4902678ae59d77213d8d8fa
experiments/pruning/sweeps/fcos18_depgraph_fpn_head_extended_quick/quick_fcos18_depgraph_fpn_head_30pct.log,216823,e0d4376d72d4e261d6f9ec40ffb97bffe8e0418877064aee83fe1d03bae75cdf
experiments/pruning/sweeps/fcos18_depgraph_fpn_head_extended_quick/quick_fcos18_depgraph_fpn_head_40pct.log,216823,db99f4849175f61e6089889d5c01a5ba0e45d0c5c039195d0f100d5ec452446a
experiments/pruning/sweeps/fcos18_depgraph_fpn_head_extended_quick/quick_fcos18_depgraph_fpn_head_50pct.log,216820,b389d1b310946cef898b22237969420d2ed701988b2dc6ad842b6231f7ef6296
experiments/pruning/sweeps/fcos18_depgraph_fpn_head_extended_quick/quick_fcos18_depgraph_fpn_head_60pct.log,216827,4bc7ea1f909c19792244a96d67a0d655c0ade65fffd71cdcd2d633a8f0f92371
experiments/pruning/sweeps/fcos18_depgraph_fpn_head_extended_quick/quick_fcos18_depgraph_fpn_head_70pct.log,216829,fd74d1a7e8d4afec5b30e7e52df6ced4ffbc9ae13d9785f9fa12c6d4a2630c67
experiments/pruning/sweeps/fcos18_depgraph_fpn_head_extended_quick/smoke_FCOS_18_baseline.log,24683,809e6f4e30fb70f9f6a9e389aa059c5ad4a8f42c6d008e298f965f3f384bbae6
experiments/pruning/sweeps/fcos18_depgraph_fpn_head_extended_quick/smoke_fcos18_depgraph_fpn_head_20pct.log,24725,bf058e2fd374ce7614142af415c2f74dbf644841d2fde8bac95d268fe62ac327
experiments/pruning/sweeps/fcos18_depgraph_fpn_head_extended_quick/smoke_fcos18_depgraph_fpn_head_30pct.log,24725,614653f7081b78b1599765e17da16272711a37547a4e89b2e0de1fe4e727cbcc
experiments/pruning/sweeps/fcos18_depgraph_fpn_head_extended_quick/smoke_fcos18_depgraph_fpn_head_40pct.log,24725,d8cea76f4307d8c96534dda20d2c20ee3dac0d11b208a59212e135c6d020944f
experiments/pruning/sweeps/fcos18_depgraph_fpn_head_extended_quick/smoke_fcos18_depgraph_fpn_head_50pct.log,24725,2c15d5d228f0d8eadd2ef01e13f503279747ff586726ee7a90045e4c21a10ba2
experiments/pruning/sweeps/fcos18_depgraph_fpn_head_extended_quick/smoke_fcos18_depgraph_fpn_head_60pct.log,24727,bef95f530648326850d23b5e140ecca1779814a6a640877f4d31b9dd92c05d24
experiments/pruning/sweeps/fcos18_depgraph_fpn_head_extended_quick/smoke_fcos18_depgraph_fpn_head_70pct.log,24729,a752163b40189d65106f8d6e771d587c05b35ae8166eaf66f565482219347693
experiments/pruning/sweeps/fcos18_depgraph_fpn_head_threshold_sweep_quick/predictions/baseline/006_detections.json,199236,e96f0f42313d9a2c4307fdf42eea9d2e7d3634b96be0895e4f201e8b1040106f
experiments/pruning/sweeps/fcos18_depgraph_fpn_head_threshold_sweep_quick/predictions/baseline/007_detections.json,196213,6693204dacd1f48dd11db7c78697066fdf8f5d6e2f05fb61765e3a6c421fb824
experiments/pruning/sweeps/fcos18_depgraph_fpn_head_threshold_sweep_quick/predictions/baseline/014_detections.json,184640,1540f900aeafbcf047b914d452b91abbe5db19b9bab21854b44479ccd1d50f74
experiments/pruning/sweeps/fcos18_depgraph_fpn_head_threshold_sweep_quick/predictions/baseline/026_detections.json,255341,569b3bcaad65fe01af0d8908d83c30c2e4950b22c1054805010bda28b6bc2703
experiments/pruning/sweeps/fcos18_depgraph_fpn_head_threshold_sweep_quick/predictions/baseline/031_detections.json,188898,db4220546a496efe30180844a542fc2ecb241743685468125c6a1acf013d52fe
experiments/pruning/sweeps/fcos18_depgraph_fpn_head_threshold_sweep_quick/predictions/baseline/064_detections.json,184968,249836c7427af9366689a8059dab8c1835896934d6e7339f47bfe4082de05009
experiments/pruning/sweeps/fcos18_depgraph_fpn_head_threshold_sweep_quick/predictions/baseline/066_detections.json,255748,0e98b835e4818fc59061532663846323ee27fb861e6343f930bbea307ced2d68
experiments/pruning/sweeps/fcos18_depgraph_fpn_head_threshold_sweep_quick/predictions/baseline/093_detections.json,232957,cb9cb20e3c63c7f28c90816c05df9639b88b4c477aefd56965e507fb47ceaf80
experiments/pruning/sweeps/fcos18_depgraph_fpn_head_threshold_sweep_quick/predictions/baseline/116_detections.json,154435,83cedf726a8d6bdc6ab261b7fd4d49a148bc188c93c595b469fe52d6a1c6094f
experiments/pruning/sweeps/fcos18_depgraph_fpn_head_threshold_sweep_quick/predictions/baseline/123_detections.json,126102,e4645b1de0e148382949229671485a6ef6faffcb3897188c8554a1415b39fa3a
experiments/pruning/sweeps/fcos18_depgraph_fpn_head_threshold_sweep_quick/predictions/baseline/203_detections.json,168489,497ba021d7d052c9bd611022cc915f1d894b463cd406e26c01e4998bf41a463e
experiments/pruning/sweeps/fcos18_depgraph_fpn_head_threshold_sweep_quick/predictions/baseline/212_detections.json,163905,86f887dbb8d604381f3769758ae87c3873d88539b5be6d8ad55766e0ec7830cd
experiments/pruning/sweeps/fcos18_depgraph_fpn_head_threshold_sweep_quick/predictions/baseline/232_detections.json,187478,e29dd2f36b04a81a3908b1a4c6f6e3c32f84a635721fa02751ef76404bf6c4c8
experiments/pruning/sweeps/fcos18_depgraph_fpn_head_threshold_sweep_quick/predictions/baseline/249_detections.json,146091,fd10e7fb2859ac2f82108b337155cb39554d759f9ce7f1abbd7841b71f37a050
experiments/pruning/sweeps/fcos18_depgraph_fpn_head_threshold_sweep_quick/predictions/baseline/257_detections.json,232198,a37b1eccf41717ce5c61b4a9a9fbd4ba6d7a73c24780787faa1b89c43ee883d3
experiments/pruning/sweeps/fcos18_depgraph_fpn_head_threshold_sweep_quick/predictions/baseline/276_detections.json,236470,126a736902a7810eb5542c479f0329273fa653ee43255c5a1666ee05164cd848
experiments/pruning/sweeps/fcos18_depgraph_fpn_head_threshold_sweep_quick/predictions/baseline/292_detections.json,170305,0a084395e18a69466d3bc815545dfd665ad4bb7dc469818b877378cbb43fbb7f
experiments/pruning/sweeps/fcos18_depgraph_fpn_head_threshold_sweep_quick/predictions/baseline/305_detections.json,170742,e45fd23c362f439907f061ce69c0583513703b017d6acc9c3d4247c01a0bda0f
experiments/pruning/sweeps/fcos18_depgraph_fpn_head_threshold_sweep_quick/predictions/baseline/315_detections.json,205169,0d9db30717f3fdbd4366b40ebc8e78b9033129003ea03e27f99394ba73885135
experiments/pruning/sweeps/fcos18_depgraph_fpn_head_threshold_sweep_quick/predictions/baseline/366_detections.json,283764,e66534bf970ad10a257c07a866a3c3cd302f356e8ba97b4dee2df30c6dee3ca5
experiments/pruning/sweeps/fcos18_depgraph_fpn_head_threshold_sweep_quick/predictions/baseline/368_detections.json,262665,c0c42e4d7e18debf96b4fde21aeab348640be71099ac52d0f0049dd6aee12a60
experiments/pruning/sweeps/fcos18_depgraph_fpn_head_threshold_sweep_quick/predictions/baseline/389_detections.json,141009,6ab6945f72e6751a3075d776342e3b92b7766300035882b7c6d991afcfacfd23
experiments/pruning/sweeps/fcos18_depgraph_fpn_head_threshold_sweep_quick/predictions/baseline/390_detections.json,222764,1e349b1cb2a0034a3fddcd906ce051f7cf22426ce6cb9ecafe9ab2c8ca60b01b
experiments/pruning/sweeps/fcos18_depgraph_fpn_head_threshold_sweep_quick/predictions/baseline/413_detections.json,171383,98d826bc901d20bf6853f53b35a3261fa1e0069f6ba4ad6d960157ec2aeff0fb
experiments/pruning/sweeps/fcos18_depgraph_fpn_head_threshold_sweep_quick/predictions/baseline/426_detections.json,195683,81ee55aed1e3076bffcfbf1f927bd5cc6c26abd7458b47b1866787bb906c7372
experiments/pruning/sweeps/fcos18_depgraph_fpn_head_threshold_sweep_quick/predictions/baseline/484_detections.json,152545,84431848ee8f50833ffcdbdf8555064f3250d4b45deb00774ff819a8cddf1cb4
experiments/pruning/sweeps/fcos18_depgraph_fpn_head_threshold_sweep_quick/predictions/baseline/485_detections.json,179027,a71034afe5a3f99db83a950b682eda79e8e55a22b9377f4240836d62ef555f6e
experiments/pruning/sweeps/fcos18_depgraph_fpn_head_threshold_sweep_quick/predictions/baseline/487_detections.json,173757,f65e23097957b8b6ae78078b0ff72a98565ac270c434ddd765675fc6821f01ec
experiments/pruning/sweeps/fcos18_depgraph_fpn_head_threshold_sweep_quick/predictions/baseline/497_detections.json,154891,a0616aaf0899188d2f32ec5d941b371b736fd0a40db0593c06f5055339bdf3d5
experiments/pruning/sweeps/fcos18_depgraph_fpn_head_threshold_sweep_quick/predictions/baseline/512_detections.json,245528,97dbaaeed4e51507238afc10a1e7021eac0f15681aada38393c091775652a95c
experiments/pruning/sweeps/fcos18_depgraph_fpn_head_threshold_sweep_quick/predictions/baseline/528_detections.json,169852,24c484fcad792dab0b6a7eeb0eaaf5d76157372b61255550eedd7bfa4347890d
experiments/pruning/sweeps/fcos18_depgraph_fpn_head_threshold_sweep_quick/predictions/baseline/534_detections.json,211264,a4c6de3adf88ed1ff0c2ad322ab1efd22981ca501fa54e86970c09edbb20a446
experiments/pruning/sweeps/fcos18_depgraph_fpn_head_threshold_sweep_quick/predictions/fcos18_depgraph_fpn_head_50pct/006_detections.json,286072,ce435da9f0b9d104531c5fce9a047c8cba87875bedd7bde600ee834119f1b383
experiments/pruning/sweeps/fcos18_depgraph_fpn_head_threshold_sweep_quick/predictions/fcos18_depgraph_fpn_head_50pct/007_detections.json,288824,b7163270630b435272150b0dd751bb7dc594df13109469ce483c4da9ced0ecee
experiments/pruning/sweeps/fcos18_depgraph_fpn_head_threshold_sweep_quick/predictions/fcos18_depgraph_fpn_head_50pct/014_detections.json,231022,b1c898c24984b8954357ccb4f91134ddad5b1dbcf54424aa90c50fbb59e7833f
experiments/pruning/sweeps/fcos18_depgraph_fpn_head_threshold_sweep_quick/predictions/fcos18_depgraph_fpn_head_50pct/026_detections.json,366094,4b109aced26e9d9489b1220163ccdbbc236a17ba80e13d1ab01f149b13948801
experiments/pruning/sweeps/fcos18_depgraph_fpn_head_threshold_sweep_quick/predictions/fcos18_depgraph_fpn_head_50pct/031_detections.json,273398,5c890502749143ad8c98feeeaa5a460440f234c675fce762cc3b31fad91ba867
experiments/pruning/sweeps/fcos18_depgraph_fpn_head_threshold_sweep_quick/predictions/fcos18_depgraph_fpn_head_50pct/064_detections.json,288436,ad4d1751b58e3a9bbf5ca32befe5f8f47aea24da57e863839e0ae248454596ac
experiments/pruning/sweeps/fcos18_depgraph_fpn_head_threshold_sweep_quick/predictions/fcos18_depgraph_fpn_head_50pct/066_detections.json,341372,7008e02b7987eed05d376badfdda9c82739bdd52894d74c141a5451983094621
experiments/pruning/sweeps/fcos18_depgraph_fpn_head_threshold_sweep_quick/predictions/fcos18_depgraph_fpn_head_50pct/093_detections.json,296055,6fbc186fe7b9d81f0cdafdd979da6659876e6f8f2a1ed75614276db452f24844
experiments/pruning/sweeps/fcos18_depgraph_fpn_head_threshold_sweep_quick/predictions/fcos18_depgraph_fpn_head_50pct/116_detections.json,214159,dd385137fe07dd6c55951b14f511e6b487826e68e0a0d5c0002be62253332962
experiments/pruning/sweeps/fcos18_depgraph_fpn_head_threshold_sweep_quick/predictions/fcos18_depgraph_fpn_head_50pct/123_detections.json,179341,2cabac6ce05ed48c428d6bbeceba27491282360554f3ddce70b65d8642436126
experiments/pruning/sweeps/fcos18_depgraph_fpn_head_threshold_sweep_quick/predictions/fcos18_depgraph_fpn_head_50pct/203_detections.json,231017,63600b77c6d4cdc0c4d76be7de14d9ae37e68c5cd21cd07853b0faab5af4c287
experiments/pruning/sweeps/fcos18_depgraph_fpn_head_threshold_sweep_quick/predictions/fcos18_depgraph_fpn_head_50pct/212_detections.json,209370,68643467351260c4c0ee41faef1a6cab88ce7e642783f11e6dfe8a5d4ba04006
experiments/pruning/sweeps/fcos18_depgraph_fpn_head_threshold_sweep_quick/predictions/fcos18_depgraph_fpn_head_50pct/232_detections.json,287398,fc309ff1bdd1fdfe5ad22940b53e92a9ea032bb4999652be22f2798dc499a23c
experiments/pruning/sweeps/fcos18_depgraph_fpn_head_threshold_sweep_quick/predictions/fcos18_depgraph_fpn_head_50pct/249_detections.json,198020,8258ee4b3559fec45c0a4fd872224f44ec71290f74dff73ef9689258fd252fa9
experiments/pruning/sweeps/fcos18_depgraph_fpn_head_threshold_sweep_quick/predictions/fcos18_depgraph_fpn_head_50pct/257_detections.json,332653,3cb42418bfd6cfa72b707cb256fde1a8d771b7c0038e5e2594a48fac974ec949
experiments/pruning/sweeps/fcos18_depgraph_fpn_head_threshold_sweep_quick/predictions/fcos18_depgraph_fpn_head_50pct/276_detections.json,307800,17bf8322617bdee60415506ae23cc334945a7ec4246fd6ca54d603366519e597
experiments/pruning/sweeps/fcos18_depgraph_fpn_head_threshold_sweep_quick/predictions/fcos18_depgraph_fpn_head_50pct/292_detections.json,235462,02b3ba17562da01a5bd9590fbe7cc636c1bf65a9db6fa6ce5b13203775e4a7b6
experiments/pruning/sweeps/fcos18_depgraph_fpn_head_threshold_sweep_quick/predictions/fcos18_depgraph_fpn_head_50pct/305_detections.json,230237,a974af6a02e6aa7311e04ff13286cec5cd1dc8732d40b26687dccd9fea0e10ce
experiments/pruning/sweeps/fcos18_depgraph_fpn_head_threshold_sweep_quick/predictions/fcos18_depgraph_fpn_head_50pct/315_detections.json,268636,ed91fe94516e72c01f2a377c135e3c56d65de7bbf60e4786367965f172fe7fe6
experiments/pruning/sweeps/fcos18_depgraph_fpn_head_threshold_sweep_quick/predictions/fcos18_depgraph_fpn_head_50pct/366_detections.json,374056,ea6f4cb20a773cc80913cca4f98b70c31c07a1e01b6d974d968b9535ed220853
experiments/pruning/sweeps/fcos18_depgraph_fpn_head_threshold_sweep_quick/predictions/fcos18_depgraph_fpn_head_50pct/368_detections.json,349285,92be7b8ddf9af1e12aff263c57ca1902e28b637c05c1444ae81aea53ed42deb4
experiments/pruning/sweeps/fcos18_depgraph_fpn_head_threshold_sweep_quick/predictions/fcos18_depgraph_fpn_head_50pct/389_detections.json,169339,c74cd12c1482716aa3e1c2e45c56d0760346e356fd20e716b1129cabd71f85ed
experiments/pruning/sweeps/fcos18_depgraph_fpn_head_threshold_sweep_quick/predictions/fcos18_depgraph_fpn_head_50pct/390_detections.json,301884,ab82aa005fa48691879e2df9deb20c63356dd50412fe00a1782f5bf8d062a43f
experiments/pruning/sweeps/fcos18_depgraph_fpn_head_threshold_sweep_quick/predictions/fcos18_depgraph_fpn_head_50pct/413_detections.json,178496,7633d8b14016b200c210145cb2a71f67b1626509de3904e8e6bd107713bdaf4c
experiments/pruning/sweeps/fcos18_depgraph_fpn_head_threshold_sweep_quick/predictions/fcos18_depgraph_fpn_head_50pct/426_detections.json,265442,c9401252b703ba3159467bc5103301e9b56559b87b1766d2552ed4d37f2016c6
experiments/pruning/sweeps/fcos18_depgraph_fpn_head_threshold_sweep_quick/predictions/fcos18_depgraph_fpn_head_50pct/484_detections.json,174708,5f83a000a4799950d0aaa806e42f1da7efbc8d1c249015b10b85e4fa184bf7b0
experiments/pruning/sweeps/fcos18_depgraph_fpn_head_threshold_sweep_quick/predictions/fcos18_depgraph_fpn_head_50pct/485_detections.json,230115,de56d38550a0dced7de1a7bb4f4691f33c4bc19f9706b0c01debd73edca15172
experiments/pruning/sweeps/fcos18_depgraph_fpn_head_threshold_sweep_quick/predictions/fcos18_depgraph_fpn_head_50pct/487_detections.json,230056,e660d9c20fdd46f1d258d3804c454b7c1f4008810f0c85cf1dab35eb13f960ac
experiments/pruning/sweeps/fcos18_depgraph_fpn_head_threshold_sweep_quick/predictions/fcos18_depgraph_fpn_head_50pct/497_detections.json,200152,618eb3cf7fd28e769fbd2768d924d11fb88145c8053b4714d27fec971cc93342
experiments/pruning/sweeps/fcos18_depgraph_fpn_head_threshold_sweep_quick/predictions/fcos18_depgraph_fpn_head_50pct/512_detections.json,295342,e0478b2300b2d80877d6b7c1ed7488ab8c0d7d07506a8afb46d48dd2226fee57
experiments/pruning/sweeps/fcos18_depgraph_fpn_head_threshold_sweep_quick/predictions/fcos18_depgraph_fpn_head_50pct/528_detections.json,200072,5a5699fbdc49ee78be822a8216f1d4fdabc1c6c33933f74a4c734e2975eff283
experiments/pruning/sweeps/fcos18_depgraph_fpn_head_threshold_sweep_quick/predictions/fcos18_depgraph_fpn_head_50pct/534_detections.json,259952,ed5c6666efded1dfea14260eccca0e941e69e57460d701028f590048135a4dab
experiments/pruning/sweeps/fcos18_depgraph_fpn_head_threshold_sweep_quick/predictions/fcos18_depgraph_fpn_head_60pct/006_detections.json,369681,d2f349b3f00e068147bc4271caf1e71c3e87fa01687a08978c8d7332c31afaee
experiments/pruning/sweeps/fcos18_depgraph_fpn_head_threshold_sweep_quick/predictions/fcos18_depgraph_fpn_head_60pct/007_detections.json,364637,42138401f66cbde856469d0b7a26aa0f4c81687459a1449ae0967d27ec5d80b9
experiments/pruning/sweeps/fcos18_depgraph_fpn_head_threshold_sweep_quick/predictions/fcos18_depgraph_fpn_head_60pct/014_detections.json,270388,6eb2b8a88cb4e7a5a333320e5b19a26e65dab4c50adabb1b0158a389a0023bba
experiments/pruning/sweeps/fcos18_depgraph_fpn_head_threshold_sweep_quick/predictions/fcos18_depgraph_fpn_head_60pct/026_detections.json,455705,2ebbb7e981c8f3b7b418436e11c81e561d58c628a9acb5e4267e106220cc1a84
experiments/pruning/sweeps/fcos18_depgraph_fpn_head_threshold_sweep_quick/predictions/fcos18_depgraph_fpn_head_60pct/031_detections.json,333140,4f69beb7ac29c0457807e44c762904ca0a889db0bb2689b99b7f691742e8b7d4
experiments/pruning/sweeps/fcos18_depgraph_fpn_head_threshold_sweep_quick/predictions/fcos18_depgraph_fpn_head_60pct/064_detections.json,369099,dc8902c1567d0d88c9593e95a75770be14311e7704961977079175987e24d999
experiments/pruning/sweeps/fcos18_depgraph_fpn_head_threshold_sweep_quick/predictions/fcos18_depgraph_fpn_head_60pct/066_detections.json,433633,d688a70295875aee40f19533984ba3bf15a4aaf67ec959b197f80c89d555defe
experiments/pruning/sweeps/fcos18_depgraph_fpn_head_threshold_sweep_quick/predictions/fcos18_depgraph_fpn_head_60pct/093_detections.json,361736,89e588412a1bed28e986a0fac6722b35846e3e1dc27fddb046a280c60945efdc
experiments/pruning/sweeps/fcos18_depgraph_fpn_head_threshold_sweep_quick/predictions/fcos18_depgraph_fpn_head_60pct/116_detections.json,257446,061be71a0072e3b45a27f39e4501130a25f8176c6bde00758da47e493b56af9f
experiments/pruning/sweeps/fcos18_depgraph_fpn_head_threshold_sweep_quick/predictions/fcos18_depgraph_fpn_head_60pct/123_detections.json,219024,083c13c2c86cf0ef27852aa51c7d293156481d33af2d1f0b84182b9966a4d76d
experiments/pruning/sweeps/fcos18_depgraph_fpn_head_threshold_sweep_quick/predictions/fcos18_depgraph_fpn_head_60pct/203_detections.json,296526,cdc06f30bd37a32d67edec69e177d0a075456b664c22246129abced216c80518
experiments/pruning/sweeps/fcos18_depgraph_fpn_head_threshold_sweep_quick/predictions/fcos18_depgraph_fpn_head_60pct/212_detections.json,265206,359b14e0645c0e1084a916e9fee48f50a63558b981ff51444bed81e721628dc6
experiments/pruning/sweeps/fcos18_depgraph_fpn_head_threshold_sweep_quick/predictions/fcos18_depgraph_fpn_head_60pct/232_detections.json,394910,54b8ead670167421fcdd80fdac3eb1f0b82c032b2b67615bd5b25d35518fbf84
experiments/pruning/sweeps/fcos18_depgraph_fpn_head_threshold_sweep_quick/predictions/fcos18_depgraph_fpn_head_60pct/249_detections.json,285179,cc2a877a5e8eafa9ba03ee7609912be7a27897001bd652fe639c52dd6a3303ec
experiments/pruning/sweeps/fcos18_depgraph_fpn_head_threshold_sweep_quick/predictions/fcos18_depgraph_fpn_head_60pct/257_detections.json,440541,90372a1068739ce5d6c83ba3db8ac24aeb7ad0911aaacd780b8e8251d07986ef
experiments/pruning/sweeps/fcos18_depgraph_fpn_head_threshold_sweep_quick/predictions/fcos18_depgraph_fpn_head_60pct/276_detections.json,401578,8256ed61e47687b608bb33e727248febd793a32ca1a4965016dc84e1d613ed8d
experiments/pruning/sweeps/fcos18_depgraph_fpn_head_threshold_sweep_quick/predictions/fcos18_depgraph_fpn_head_60pct/292_detections.json,333501,2535072c8096956c281b36214148428bf4c1fb91f4f9c4c97101c867d4feca57
experiments/pruning/sweeps/fcos18_depgraph_fpn_head_threshold_sweep_quick/predictions/fcos18_depgraph_fpn_head_60pct/305_detections.json,286306,77b2bf522508197194212f7b4c99e607c7c58c525cc5c88423b627b5ec97eb45
experiments/pruning/sweeps/fcos18_depgraph_fpn_head_threshold_sweep_quick/predictions/fcos18_depgraph_fpn_head_60pct/315_detections.json,310558,9fa5727fe4bceb1f37c060f59cba14440521bf4970328dc9d72c1bb3f2f789dd
experiments/pruning/sweeps/fcos18_depgraph_fpn_head_threshold_sweep_quick/predictions/fcos18_depgraph_fpn_head_60pct/366_detections.json,469244,d507417f23cd127e80f81a90e881b99dc2020ffef45a430c5d91b4b6e9174ae2
experiments/pruning/sweeps/fcos18_depgraph_fpn_head_threshold_sweep_quick/predictions/fcos18_depgraph_fpn_head_60pct/368_detections.json,446568,342a557e0130fd504ddd33da76919ecc174c665905ddfa70b0047164cb093992
experiments/pruning/sweeps/fcos18_depgraph_fpn_head_threshold_sweep_quick/predictions/fcos18_depgraph_fpn_head_60pct/389_detections.json,211312,ff5b3f69fc832beaa3bbacbc2b915fc80180ed57cd1ddfebfd8893058506ef90
experiments/pruning/sweeps/fcos18_depgraph_fpn_head_threshold_sweep_quick/predictions/fcos18_depgraph_fpn_head_60pct/390_detections.json,374684,b8bd3abc8f97a7c326aa55a6a2c45e64f3585eec4864eb058e46864f326a1ef3
experiments/pruning/sweeps/fcos18_depgraph_fpn_head_threshold_sweep_quick/predictions/fcos18_depgraph_fpn_head_60pct/413_detections.json,216821,a034e0e14fcf494a592473cad1130d16baca18095fc22a840fb976ddc7ace93b
experiments/pruning/sweeps/fcos18_depgraph_fpn_head_threshold_sweep_quick/predictions/fcos18_depgraph_fpn_head_60pct/426_detections.json,341454,5fb0bea3c8cc1cad16e12add9a70dc0b958f1c78a3c1189baec480c8e1a18293
experiments/pruning/sweeps/fcos18_depgraph_fpn_head_threshold_sweep_quick/predictions/fcos18_depgraph_fpn_head_60pct/484_detections.json,210455,70338b212a37bfeebb6e315720b5958aab111bef1787231b80446d55e115396a
experiments/pruning/sweeps/fcos18_depgraph_fpn_head_threshold_sweep_quick/predictions/fcos18_depgraph_fpn_head_60pct/485_detections.json,298562,32977c1fb53b410ee5ebfa686222bf90169efe05adda5394c765b2262ec9a01f
experiments/pruning/sweeps/fcos18_depgraph_fpn_head_threshold_sweep_quick/predictions/fcos18_depgraph_fpn_head_60pct/487_detections.json,288230,0f5a7ae7f08a86841b22b4c1132a25e5dc5de66a2b0fd6431f9d92d2ca326443
experiments/pruning/sweeps/fcos18_depgraph_fpn_head_threshold_sweep_quick/predictions/fcos18_depgraph_fpn_head_60pct/497_detections.json,256936,3b804517a9c3495c667eaac2aa79286a22ba588edc2120552b28213156432ad0
experiments/pruning/sweeps/fcos18_depgraph_fpn_head_threshold_sweep_quick/predictions/fcos18_depgraph_fpn_head_60pct/512_detections.json,341690,496ede1cb4c663de2e90750aa2bca1bcb022dc7ac237fdee2a6cd8fbd8d5183d
experiments/pruning/sweeps/fcos18_depgraph_fpn_head_threshold_sweep_quick/predictions/fcos18_depgraph_fpn_head_60pct/528_detections.json,231504,832de0dfae779f7c34ce9f30fbe108691b0c703d8868669da683a6b06756aace
experiments/pruning/sweeps/fcos18_depgraph_fpn_head_threshold_sweep_quick/predictions/fcos18_depgraph_fpn_head_60pct/534_detections.json,329781,f2b797a929c473fa5dd3042d445938140940bf94e9cdca3e8d7964173d880fe6
experiments/pruning/sweeps/fcos18_depgraph_fpn_head_threshold_sweep_quick/predictions/fcos18_depgraph_fpn_head_70pct/006_detections.json,468117,bde8145ce62421c09dbaa60f30e5efff6627859fc86075ff2640c17862206333
experiments/pruning/sweeps/fcos18_depgraph_fpn_head_threshold_sweep_quick/predictions/fcos18_depgraph_fpn_head_70pct/007_detections.json,481912,bbde8e07ddcac938252920ca67b64fdb1d50121662f7e0b2549a98c8e8b7057c
experiments/pruning/sweeps/fcos18_depgraph_fpn_head_threshold_sweep_quick/predictions/fcos18_depgraph_fpn_head_70pct/014_detections.json,353551,78dd1a16a97e1c5898534abab73e8a1864cef296bf619539b488be2374fc1455
experiments/pruning/sweeps/fcos18_depgraph_fpn_head_threshold_sweep_quick/predictions/fcos18_depgraph_fpn_head_70pct/026_detections.json,525896,60e3658b5454e5fe6bbe341a979824f6b64bfe3a31ca1cff7d93fea1b7b2e3f1
experiments/pruning/sweeps/fcos18_depgraph_fpn_head_threshold_sweep_quick/predictions/fcos18_depgraph_fpn_head_70pct/031_detections.json,433323,007cb96d9b005e291774e244b79008f4f20262047dd3e70ad765e36362af77cf
experiments/pruning/sweeps/fcos18_depgraph_fpn_head_threshold_sweep_quick/predictions/fcos18_depgraph_fpn_head_70pct/064_detections.json,455703,e7632ed45ba1010d719ea907e6789d4817df493f08bdd222bb4fae7f3d662b53
experiments/pruning/sweeps/fcos18_depgraph_fpn_head_threshold_sweep_quick/predictions/fcos18_depgraph_fpn_head_70pct/066_detections.json,506941,ef6f50771ae73d0b6df37b795d860c8742940601ebe662d869c21caa1089bf80
experiments/pruning/sweeps/fcos18_depgraph_fpn_head_threshold_sweep_quick/predictions/fcos18_depgraph_fpn_head_70pct/093_detections.json,415784,b6bf109fc22bb2a759db09b5c0ea760f7668ed036171b16bae946c84202b3ab4
experiments/pruning/sweeps/fcos18_depgraph_fpn_head_threshold_sweep_quick/predictions/fcos18_depgraph_fpn_head_70pct/116_detections.json,312377,c4d06575fc01c029b98380bd3e67ff1199ad1e393ed9cd209f26f2900454e5a3
experiments/pruning/sweeps/fcos18_depgraph_fpn_head_threshold_sweep_quick/predictions/fcos18_depgraph_fpn_head_70pct/123_detections.json,298727,e6225c517b0289c4b06e5e65fc9da754977cb179a2fc58d35cbef34cc6864ded
experiments/pruning/sweeps/fcos18_depgraph_fpn_head_threshold_sweep_quick/predictions/fcos18_depgraph_fpn_head_70pct/203_detections.json,354194,966e7f50131c7f513c4e12fbe3e4c8e0200b3d62aecfbbac60479aa34ae47669
experiments/pruning/sweeps/fcos18_depgraph_fpn_head_threshold_sweep_quick/predictions/fcos18_depgraph_fpn_head_70pct/212_detections.json,302320,67ad0b8cc28d884b4be4108433247206f4cbc01c9885387fd801e7b0b045bb24
experiments/pruning/sweeps/fcos18_depgraph_fpn_head_threshold_sweep_quick/predictions/fcos18_depgraph_fpn_head_70pct/232_detections.json,496585,3a0c5d6abbe222fb90c9e11e0c57bdbc0f205fde62a95a3a4068e1709c505567
experiments/pruning/sweeps/fcos18_depgraph_fpn_head_threshold_sweep_quick/predictions/fcos18_depgraph_fpn_head_70pct/249_detections.json,329922,567104db59b5e04578cf304fac8a00c883c89867f1b46f78cd54ebea44d469b0
experiments/pruning/sweeps/fcos18_depgraph_fpn_head_threshold_sweep_quick/predictions/fcos18_depgraph_fpn_head_70pct/257_detections.json,554579,947cbe5b615b8927060002161a9c2f550406aaec6998a41356832e6b195628f3
experiments/pruning/sweeps/fcos18_depgraph_fpn_head_threshold_sweep_quick/predictions/fcos18_depgraph_fpn_head_70pct/276_detections.json,521076,445cefe9b1345eef45f2c657c2862e692ef1c43c25fde3cf872aca56dd2d526d
experiments/pruning/sweeps/fcos18_depgraph_fpn_head_threshold_sweep_quick/predictions/fcos18_depgraph_fpn_head_70pct/292_detections.json,432314,1d23084721ee6b02af4d3638160f15e1d49a6b343d450b1f1df341fbba7c3cc5
experiments/pruning/sweeps/fcos18_depgraph_fpn_head_threshold_sweep_quick/predictions/fcos18_depgraph_fpn_head_70pct/305_detections.json,400631,ff251360c2c9820aaa5320548e242e095eb8584132785fa153faee9d9f9d5e50
experiments/pruning/sweeps/fcos18_depgraph_fpn_head_threshold_sweep_quick/predictions/fcos18_depgraph_fpn_head_70pct/315_detections.json,339744,9b5e2068a3c01b04c9556463f5b20016fe1f11cc836600d70327081067718da2
experiments/pruning/sweeps/fcos18_depgraph_fpn_head_threshold_sweep_quick/predictions/fcos18_depgraph_fpn_head_70pct/366_detections.json,596119,90c703d0f9d85b30e3d824f31282686629f82960e40ee8bb2ec3005b38d66934
experiments/pruning/sweeps/fcos18_depgraph_fpn_head_threshold_sweep_quick/predictions/fcos18_depgraph_fpn_head_70pct/368_detections.json,553792,08a20d2dd3e868f26400d744daab334000c02bab318eb826e694304038cf67d1
experiments/pruning/sweeps/fcos18_depgraph_fpn_head_threshold_sweep_quick/predictions/fcos18_depgraph_fpn_head_70pct/389_detections.json,366799,7637d1ec04217cce70e12886ab849e17821ae1ae81f9712fafb34b3f95165ef7
experiments/pruning/sweeps/fcos18_depgraph_fpn_head_threshold_sweep_quick/predictions/fcos18_depgraph_fpn_head_70pct/390_detections.json,470907,b7f589c79cca33815996bb476675656d7321b156cc87927847d5f1fcd3145632
experiments/pruning/sweeps/fcos18_depgraph_fpn_head_threshold_sweep_quick/predictions/fcos18_depgraph_fpn_head_70pct/413_detections.json,239138,de7f60795970e9d34d743944527a9a494519f3ac06ceade0069c2e477d289816
experiments/pruning/sweeps/fcos18_depgraph_fpn_head_threshold_sweep_quick/predictions/fcos18_depgraph_fpn_head_70pct/426_detections.json,400333,698063ad68437e1973d9709c06609f0599a4db2c914824a7f4fe90bb0fe7e4be
experiments/pruning/sweeps/fcos18_depgraph_fpn_head_threshold_sweep_quick/predictions/fcos18_depgraph_fpn_head_70pct/484_detections.json,250659,2fcb8f6baa0e2b6f53e87da082f5551c8469307cfa4b1f63c1bcbe4ca5afcf58
experiments/pruning/sweeps/fcos18_depgraph_fpn_head_threshold_sweep_quick/predictions/fcos18_depgraph_fpn_head_70pct/485_detections.json,328610,8e6036cf3f93c76d37fa5d3e252fc45b4279e4ad9cf03915189f81176322a972
experiments/pruning/sweeps/fcos18_depgraph_fpn_head_threshold_sweep_quick/predictions/fcos18_depgraph_fpn_head_70pct/487_detections.json,314922,3d525e92ed9d84423950919c81bc0b8e1a0dcad0167adf6dfb835142d0f092c7
experiments/pruning/sweeps/fcos18_depgraph_fpn_head_threshold_sweep_quick/predictions/fcos18_depgraph_fpn_head_70pct/497_detections.json,352308,adf6017330e8a120a72a04f0bff42833efcfb2bb369208a7c6a37f5f0375c70c
experiments/pruning/sweeps/fcos18_depgraph_fpn_head_threshold_sweep_quick/predictions/fcos18_depgraph_fpn_head_70pct/512_detections.json,397432,1dfccb9e495bfd1b4edffd431c1c4d2607b7e072e8523a60ce1ba707c5afe129
experiments/pruning/sweeps/fcos18_depgraph_fpn_head_threshold_sweep_quick/predictions/fcos18_depgraph_fpn_head_70pct/528_detections.json,300584,5d63d4840c0e4cce2c5e6be184e2d589ca4114528c1e82909a3c9b7baefd74e6
experiments/pruning/sweeps/fcos18_depgraph_fpn_head_threshold_sweep_quick/predictions/fcos18_depgraph_fpn_head_70pct/534_detections.json,393357,013337d491c9fcf3b75792d3f13db1b0766cbe23dcea9b473ec95db0a9d93381
experiments/pruning/sweeps/fcos18_depgraph_speed_sweep/FCOS_18_baseline.log,24728,f74cb910e60ce01bba3e7fc8795401a44f00dba750010010bb75450cc7ad3ccf
experiments/pruning/sweeps/fcos18_depgraph_speed_sweep/artifact_logs/fcos18_depgraph_backbone_fpn_head_20pct.log,1261,4a282cc9339739673aaa514147c94b3a5a741b22b7bdd6c1f0b147a86e787c11
experiments/pruning/sweeps/fcos18_depgraph_speed_sweep/artifact_logs/fcos18_depgraph_fpn_head_20pct.log,1240,a03aa18a70db1be6318f8695d6d540a7bfb662913e52f1a73155f77328bf34fb
experiments/pruning/sweeps/fcos18_depgraph_speed_sweep/artifact_logs/fcos18_depgraph_head_only_20pct.log,1241,27f547f543741010a9934985a98b1835dc2da55a337bd69c10778ccefb2d6e08
experiments/pruning/sweeps/fcos18_depgraph_speed_sweep/artifact_logs/fcos18_depgraph_structural_20pct.log,1247,11a455e335e427a8c73ea111838f89ebb7bd2ac5aa9ff5d5980367c2af9fb67f
experiments/pruning/sweeps/fcos18_depgraph_speed_sweep/artifact_logs/fcos18_depgraph_structural_30pct.log,1247,604ed2c5fcee1d07cdc3ad178af1ab265631de0e66d3e4914403d6bb4f762fad
experiments/pruning/sweeps/fcos18_depgraph_speed_sweep/fcos18_depgraph_backbone_fpn_head_20pct.log,24707,4a8d74ad98f59bab276d528da398cafccf0f7f0cb905187a0e69ffec9a5cdf3b
experiments/pruning/sweeps/fcos18_depgraph_speed_sweep/fcos18_depgraph_fpn_head_20pct.log,24770,0411b70b0e148c0aefc1b61847fa29ca09f1ce40d0d2eebe38af6068acd90f0a
experiments/pruning/sweeps/fcos18_depgraph_speed_sweep/fcos18_depgraph_head_only_20pct.log,24773,ee4300c48879d0c718ecc4a3527a2e8b862aa83b1cc089dae8e7096f4828185b
experiments/pruning/sweeps/fcos18_depgraph_speed_sweep/fcos18_depgraph_structural_20pct.log,24686,cf3c2c9a093dfe2d541ea76e0a4a14b0c7cc620f8959b9e9c88524fd1e36dd50
experiments/pruning/sweeps/fcos18_depgraph_speed_sweep/fcos18_depgraph_structural_30pct.log,24782,e776888b2382374ef362afefe3b9ef849ef36da9d5c731b5993c8a9a79ace2d5
logs/FCOS_18_CPU_4C_LIMITED.log,150996,5b4455250ffe5121a0bf887c1fbf67622c74824d4b2fb3305a525afcfc5693a6
logs/FCOS_x101_CPU_4C_LIMITED.log,158483,611e1bb81215c2527365859b4f3ba5bfd053b114fd58f55bcee9ec9aabc0ac12
logs/FCOS_x50_CPU_4C_LIMITED.log,153501,9aeedb9b102c5deb4aa2a73a9bf0483ee1eff30ec36c804d08a586247d3c5945
results/raw_predictions/FCOS_18_CPU_4C_LIMITED/001_detections.json,133,a823c23ee9cc2242b32c37f43e913851204d67739946286b8fb38a4148226804
results/raw_predictions/FCOS_18_CPU_4C_LIMITED/002_detections.json,1505,78fb1982fb3996da92ed5fbb85dea6a9f75ce1152025d46a8796263bbf382d69
results/raw_predictions/FCOS_18_CPU_4C_LIMITED/003_detections.json,1112,d0b64f32ef011f77487d545d009f61e9eb61f1520016d31654ddc93cf5822b83
results/raw_predictions/FCOS_18_CPU_4C_LIMITED/004_detections.json,559,d2984a2803e8382c499a7e4d6652f83b29419483eb8f15888772b4424d2d3722
results/raw_predictions/FCOS_18_CPU_4C_LIMITED/005_detections.json,419,5f9da68df156e6926d41e85a93c2ffa0f90457e94b5bdbdbb6c063abb484cb99
results/raw_predictions/FCOS_18_CPU_4C_LIMITED/006_detections.json,1101,7b1538314ed6a185cd7250adfe822bb2eac7873e55967e9a596eda3796f5cbac
results/raw_predictions/FCOS_18_CPU_4C_LIMITED/007_detections.json,2072,6a550be60cb6dbf9336bd317e38d77b0f3e4c81c214f6392f0d7efb76c3c6de6
results/raw_predictions/FCOS_18_CPU_4C_LIMITED/008_detections.json,537,128d0633d76f7180932fa04431e194483e97165cd2384c606196ebcd4da445d4
results/raw_predictions/FCOS_18_CPU_4C_LIMITED/009_detections.json,832,6dfb13faf4bf176e8420768b395767f375f00e505a74d1fdffca5b25c986624b
results/raw_predictions/FCOS_18_CPU_4C_LIMITED/010_detections.json,1943,c49d0ba55d01cb27928867e3c29060db035759bfe636143aaeb64dd0c8396e7c
results/raw_predictions/FCOS_18_CPU_4C_LIMITED/011_detections.json,554,d0718bb9d1316808c60b70db2d7a1e73dba0893364b516fb84f477227835c63f
results/raw_predictions/FCOS_18_CPU_4C_LIMITED/012_detections.json,414,aa5c98df4364a143edbd90c49d5717c095259c6e22cbfe990fd42a942f68f928
results/raw_predictions/FCOS_18_CPU_4C_LIMITED/013_detections.json,2360,e3dc1abac89e768f90009e45592bd0acfab323cf13d1d0db5b86361ac6936d4c
results/raw_predictions/FCOS_18_CPU_4C_LIMITED/014_detections.json,842,23575a35c199be3dfe89b4f6bd14661ee2138672f90c731efc24704903bfe937
results/raw_predictions/FCOS_18_CPU_4C_LIMITED/015_detections.json,549,c3e16bf6e3137973540229e0ac633d8535694e8245daf32505789dae7cd825f7
results/raw_predictions/FCOS_18_CPU_4C_LIMITED/016_detections.json,1371,46b2a7c024d0d91e643a4153a3d4f3cd31243ef20683791d67032df650a5896e
results/raw_predictions/FCOS_18_CPU_4C_LIMITED/017_detections.json,563,58a3398252bdec4cb8fb4fcee707cfc0257710f1a1107ad5fcc5233af2f28f50
results/raw_predictions/FCOS_18_CPU_4C_LIMITED/018_detections.json,418,daf7ad1182a258c29bb424f7168a6aa5389ea9c5c310d7d60736fa675e979b85
results/raw_predictions/FCOS_18_CPU_4C_LIMITED/019_detections.json,133,0b6d7d7132d625201c381e4348b0f576dde6bc98dd00536256cbc2d352ab620a
results/raw_predictions/FCOS_18_CPU_4C_LIMITED/020_detections.json,2080,0e31cee3d8e8989a7f5ecfd7fc9345e756bc7f1d690dce9a8128f1f1bc21ebc3
results/raw_predictions/FCOS_x101_CPU_4C_LIMITED/001_detections.json,133,a823c23ee9cc2242b32c37f43e913851204d67739946286b8fb38a4148226804
results/raw_predictions/FCOS_x101_CPU_4C_LIMITED/002_detections.json,1390,460b82d2b3274f0bbfb9ae40fbc4948b6fa2cb34dec47bf51010e8105f5a3c24
results/raw_predictions/FCOS_x101_CPU_4C_LIMITED/003_detections.json,1520,e356b8e5ba82be0bf297289d72f1a916d1f2413c5af57535cc4e6aaf6834c7bd
results/raw_predictions/FCOS_x101_CPU_4C_LIMITED/004_detections.json,556,9c4b5a5159e0560e766c4524eb0c103bb28c47d27deae050c7112a522f7f6ce6
results/raw_predictions/FCOS_x101_CPU_4C_LIMITED/005_detections.json,418,08cff57304c4607254dd149035559242a51aa555035cf8d12f7b314df7625d5b
results/raw_predictions/FCOS_x101_CPU_4C_LIMITED/006_detections.json,1256,7069d1a10389250ee9e91503ac8e0a61b75c6dd2fc09aff507b0a3301c858017
results/raw_predictions/FCOS_x101_CPU_4C_LIMITED/007_detections.json,1953,db79d1461868908e3f68ca3eb3561b247de61e363b80975cb9d8a2fe1cc3181d
results/raw_predictions/FCOS_x101_CPU_4C_LIMITED/008_detections.json,827,7530edf3fbc18e39e71f5a308a1719d3534d5ed969417fb9de52b23faa5b452b
results/raw_predictions/FCOS_x101_CPU_4C_LIMITED/009_detections.json,690,51d2ce4e9789a0f57c9219e663f99bddd22677ce9fbb7d27d62be218cfe6a190
results/raw_predictions/FCOS_x101_CPU_4C_LIMITED/010_detections.json,1928,bb74d77e9bf839c91756d77bff3b7670b7a6156ae111eae676f2c3721f69a1b1
results/raw_predictions/FCOS_x101_CPU_4C_LIMITED/011_detections.json,416,2de89ea6745164e93bc8b4986b31b6996b3f019bda86eaaa0cd4bb46c75363a4
results/raw_predictions/FCOS_x101_CPU_4C_LIMITED/012_detections.json,408,6d2f74224c42e07808d547e3cf04fec34f19cc0d5b9c45fde09a6ba58226f115
results/raw_predictions/FCOS_x101_CPU_4C_LIMITED/013_detections.json,2489,cb8ffbae1b75af18b1589ff13ac997e62c4f2f0b8700d65a8ff72fdc77517e95
results/raw_predictions/FCOS_x101_CPU_4C_LIMITED/014_detections.json,1395,a7c50f812d1aa002266d21bb131f137d629ce788650e43f42df6d005edfd1dcd
results/raw_predictions/FCOS_x101_CPU_4C_LIMITED/015_detections.json,544,2d9898187d48c3ba70db4b3f32860c2be6dc04cf29935a81a3b7b6e910c7b9a5
results/raw_predictions/FCOS_x101_CPU_4C_LIMITED/016_detections.json,1521,5ce013c3f51ea21ec35e09d247e7d5fc708d15a1fa22e976cec6c625663316c6
results/raw_predictions/FCOS_x101_CPU_4C_LIMITED/017_detections.json,704,057ea4673c81dfcc126ce67f067724d520bbf5d715283b5da2a1b96ca02814cf
results/raw_predictions/FCOS_x101_CPU_4C_LIMITED/018_detections.json,540,7e8b0551388cfca6387bbdc42d139d4ea2e430ca5d2c951ded4a21fbf6bde5f9
results/raw_predictions/FCOS_x101_CPU_4C_LIMITED/019_detections.json,133,0b6d7d7132d625201c381e4348b0f576dde6bc98dd00536256cbc2d352ab620a
results/raw_predictions/FCOS_x101_CPU_4C_LIMITED/020_detections.json,2351,c1a1c56e08e6aa9d840c304c869b99ceb0cd5195e05902225529f44a62bb341b
results/raw_predictions/FCOS_x50_CPU_4C_LIMITED/001_detections.json,133,a823c23ee9cc2242b32c37f43e913851204d67739946286b8fb38a4148226804
results/raw_predictions/FCOS_x50_CPU_4C_LIMITED/002_detections.json,1664,2108b8f9934449da19345df0102451a33768e7cd8af8c5beec203be56d864bf9
results/raw_predictions/FCOS_x50_CPU_4C_LIMITED/003_detections.json,1390,72ae0520de11c2923b273ede5a3d3e80942d60ff4353ad247ada5911dd63c438
results/raw_predictions/FCOS_x50_CPU_4C_LIMITED/004_detections.json,562,fedb31e13afdcccebd71ea5a71765d8198d171795adb29f9666639c72e1b648a
results/raw_predictions/FCOS_x50_CPU_4C_LIMITED/005_detections.json,556,2af75942bad5aff9251d9af0ae1c6db7a32b4ae442b5aebb092fadf25e996cdf
results/raw_predictions/FCOS_x50_CPU_4C_LIMITED/006_detections.json,966,e90db9c231eeaff4fbd0c5ce2332035729fae48916521cd1c3c65159c55f5f8e
results/raw_predictions/FCOS_x50_CPU_4C_LIMITED/007_detections.json,2217,60f2d0495b892477a00a8432408f8c83a7c46c6850c3310648b945619d5a7e83
results/raw_predictions/FCOS_x50_CPU_4C_LIMITED/008_detections.json,956,20799af1f9bc4e0bfecba3e2887cb50a21d685c568eff2b43995c990e280972f
results/raw_predictions/FCOS_x50_CPU_4C_LIMITED/009_detections.json,694,d2275bd1b830202353265af009ccc567879e7a9c7251ccac3d3591587be4ddfa
results/raw_predictions/FCOS_x50_CPU_4C_LIMITED/010_detections.json,1818,3882e50d147e6f0868a9c599058e7d9dade71f14d6712d7e2db7b86280e3892c
results/raw_predictions/FCOS_x50_CPU_4C_LIMITED/011_detections.json,408,21be7b2e2849ec57a468d53a0f1a3f026616a2c08958b2708b4530ca86377e47
results/raw_predictions/FCOS_x50_CPU_4C_LIMITED/012_detections.json,415,d329aac9eb5c9ea1bb3c62937116b63c349666cdaaee1404f733935e4d72cbab
results/raw_predictions/FCOS_x50_CPU_4C_LIMITED/013_detections.json,2476,b01bfe08ab85a207c6e2321f0738ed5fc791da49435409fc04f4373ef55eadc5
results/raw_predictions/FCOS_x50_CPU_4C_LIMITED/014_detections.json,1124,c0a0a713b27f8b05e2f7c6b099fc9e2fc7df15de2d824ddedadd5874cd89a61c
results/raw_predictions/FCOS_x50_CPU_4C_LIMITED/015_detections.json,544,17e0d707acd91bcf67b4e33ac32334ebadb56cbadd6b908d432af1bffe1d30c2
results/raw_predictions/FCOS_x50_CPU_4C_LIMITED/016_detections.json,1090,6ab9c9f763a38faccd1176e9e24a63a67d125ac01a4b35ae63e5c538be8670a9
results/raw_predictions/FCOS_x50_CPU_4C_LIMITED/017_detections.json,543,5d200db638964ed0c92f0e76583255174cf48669da9aa260b8c62ce529c2762c
results/raw_predictions/FCOS_x50_CPU_4C_LIMITED/018_detections.json,555,c835e55c841ca9c098c866eaee1a8bcbbf81ac76d0da861f67dee85a6d0b0cef
results/raw_predictions/FCOS_x50_CPU_4C_LIMITED/019_detections.json,133,0b6d7d7132d625201c381e4348b0f576dde6bc98dd00536256cbc2d352ab620a
results/raw_predictions/FCOS_x50_CPU_4C_LIMITED/020_detections.json,2190,9e8179660d1fa0f7b3ea2278e65f23efef3c4a67e6f868f5a624c234d6edf54c
