epoch,step,train/bbox_ctrness_epoch,train/bbox_ctrness_step,train/bbox_regression_epoch,train/bbox_regression_step,train/classification_epoch,train/classification_step,train/loss_epoch,train/loss_step
0,0,,0.6409406661987305,,0.13206656277179718,,0.18984022736549377,,0.9628474712371826
0,1,,0.0,,0.0,,0.036794088780879974,,0.036794088780879974
0,2,,0.6182457208633423,,0.09995695948600769,,0.18227040767669678,,0.9004731178283691
0,3,,0.6161008477210999,,0.08071957528591156,,0.16628895699977875,,0.8631093502044678
0,4,,0.6382265686988831,,0.1679660975933075,,0.2625361680984497,,1.0687288045883179
0,5,,0.6126881241798401,,0.06800253689289093,,0.08982018381357193,,0.7705108523368835
0,6,,0.0,,0.0,,0.023147031664848328,,0.023147031664848328
0,7,,0.6163613796234131,,0.06797228008508682,,0.4555053114891052,,1.1398389339447021
0,8,,0.6226553916931152,,0.14857865869998932,,0.4616324007511139,,1.2328665256500244
0,9,,0.6368744373321533,,0.12514276802539825,,0.09467250853776932,,0.8566896915435791
0,10,,0.0,,0.0,,0.005884232465177774,,0.005884232465177774
0,11,,0.6155552268028259,,0.08400014787912369,,0.11889182031154633,,0.8184472322463989
0,12,,0.6398740410804749,,0.12759950757026672,,0.11058598011732101,,0.8780595064163208
0,13,,0.6199260950088501,,0.07545405626296997,,1.128027319908142,,1.823407530784607
0,14,,0.6371440291404724,,0.09094686061143875,,0.17204216122627258,,0.9001330137252808
0,15,,0.6143659353256226,,0.08548486232757568,,0.2121465802192688,,0.911997377872467
0,16,,0.6159998774528503,,0.08665205538272858,,0.5826992392539978,,1.2853511571884155
0,17,,0.6354832649230957,,0.11364687979221344,,0.5560332536697388,,1.3051633834838867
0,18,,0.0,,0.0,,0.15892580151557922,,0.15892580151557922
0,19,,0.6249471306800842,,0.10118229687213898,,0.17589953541755676,,0.9020289778709412
0,20,,0.0,,0.0,,0.7215102314949036,,0.7215102314949036
0,21,,0.6338057518005371,,0.11214356869459152,,0.19567304849624634,,0.9416223764419556
0,22,,0.6348862648010254,,0.07219461351633072,,0.11212979257106781,,0.8192106485366821
0,23,,0.0,,0.0,,0.034919045865535736,,0.034919045865535736
0,24,,0.6422004699707031,,0.16175061464309692,,0.5657025575637817,,1.3696537017822266
0,25,,0.6329112648963928,,0.09535561501979828,,0.14630275964736938,,0.8745696544647217
0,26,,0.6144115328788757,,0.05504376441240311,,0.07390674203634262,,0.7433620691299438
0,27,,0.6400909423828125,,0.15149633586406708,,0.6176499128341675,,1.4092371463775635
0,28,,0.0,,0.0,,0.003395961131900549,,0.003395961131900549
0,29,,0.6302754282951355,,0.06721740961074829,,0.09139125794172287,,0.7888841032981873
0,30,,0.0,,0.0,,0.010021459311246872,,0.010021459311246872
0,31,,0.6363582015037537,,0.1167716458439827,,0.07338044792413712,,0.8265103101730347
0,32,,0.6353609561920166,,0.09560336172580719,,0.13109618425369263,,0.8620604872703552
0,33,,0.6460213661193848,,0.18298284709453583,,0.25057971477508545,,1.0795838832855225
0,34,,0.6106069087982178,,0.11605741083621979,,0.07091259956359863,,0.797576904296875
0,35,,0.6248049736022949,,0.14337320625782013,,0.5203074216842651,,1.2884855270385742
0,36,,0.6504400968551636,,0.17242629826068878,,0.09809234738349915,,0.9209587574005127
0,37,,0.0,,0.0,,0.1287519633769989,,0.1287519633769989
0,38,,0.0,,0.0,,0.06469611078500748,,0.06469611078500748
0,39,,0.6543639302253723,,0.3380800187587738,,1.0429277420043945,,2.035371780395508
0,40,,0.6595585346221924,,0.24722923338413239,,0.18853744864463806,,1.095325231552124
0,41,,0.6521469354629517,,0.24394340813159943,,0.606970489025116,,1.5030608177185059
0,42,,0.6310041546821594,,0.05023643746972084,,0.0975891724228859,,0.7788297533988953
0,43,,0.6156981587409973,,0.05504593998193741,,0.5194513201713562,,1.1901954412460327
0,44,,0.0,,0.0,,0.7392414212226868,,0.7392414212226868
0,45,,0.6287336945533752,,0.07744549214839935,,0.26504430174827576,,0.9712234735488892
0,46,,0.0,,0.0,,2.2369942665100098,,2.2369942665100098
0,47,,0.631295382976532,,0.1533648520708084,,0.12664484977722168,,0.9113050699234009
0,48,,0.0,,0.0,,0.16309300065040588,,0.16309300065040588
0,49,,0.6313999891281128,,0.03903232142329216,,0.039784036576747894,,0.7102163434028625
0,50,,0.6244910359382629,,0.12028401345014572,,0.12291857600212097,,0.8676936626434326
0,51,,0.0,,0.0,,0.007320123724639416,,0.007320123724639416
0,52,,0.6139196157455444,,0.055688027292490005,,0.29105252027511597,,0.9606601595878601
0,53,,0.0,,0.0,,0.06808921694755554,,0.06808921694755554
0,54,,0.0,,0.0,,0.010570252314209938,,0.010570252314209938
0,55,,0.6354446411132812,,0.09608590602874756,,0.26844996213912964,,0.9999805092811584
0,56,,0.5939416885375977,,0.08481095731258392,,0.18729515373706818,,0.8660477995872498
0,57,,0.6277758479118347,,0.07392393052577972,,0.11013443022966385,,0.8118342161178589
0,58,,0.5984224677085876,,0.12308768928050995,,0.1306084543466568,,0.8521186113357544
0,59,,0.0,,0.0,,0.007793244440108538,,0.007793244440108538
0,60,,0.6351072192192078,,0.1044154167175293,,0.34457021951675415,,1.0840928554534912
0,61,,0.0,,0.0,,0.8916208744049072,,0.8916208744049072
0,62,,0.6325693130493164,,0.07278265804052353,,0.13021953403949738,,0.8355715274810791
0,63,,0.636490523815155,,0.1740550994873047,,0.343324214220047,,1.153869867324829
0,64,,0.6426538825035095,,0.13033930957317352,,0.3130711615085602,,1.086064338684082
0,65,,0.5938681364059448,,0.08528517186641693,,0.0677955150604248,,0.7469488382339478
0,66,,0.0,,0.0,,0.70369553565979,,0.70369553565979
0,67,,0.6322408318519592,,0.12116320431232452,,0.12657679617404938,,0.8799808025360107
0,68,,0.0,,0.0,,0.061451882123947144,,0.061451882123947144
0,69,,0.0,,0.0,,0.028251757845282555,,0.028251757845282555
0,70,,0.6335534453392029,,0.07051265984773636,,0.14411304891109467,,0.8481791615486145
0,71,,0.0,,0.0,,0.3421132564544678,,0.3421132564544678
0,72,,0.0,,0.0,,1.77824866771698,,1.77824866771698
0,73,,0.0,,0.0,,0.008812748827040195,,0.008812748827040195
0,74,,0.6395845413208008,,0.12073235958814621,,0.0567355751991272,,0.8170524835586548
0,75,,0.6153565049171448,,0.0629873052239418,,0.07290764153003693,,0.7512514591217041
0,76,,0.6293820142745972,,0.09294787049293518,,0.22342827916145325,,0.9457581639289856
0,77,,0.0,,0.0,,0.09229002892971039,,0.09229002892971039
0,78,,0.632329523563385,,0.07620248943567276,,0.8351535797119141,,1.5436856746673584
0,79,,0.0,,0.0,,0.0022468543611466885,,0.0022468543611466885
0,80,,0.0,,0.0,,0.042147040367126465,,0.042147040367126465
0,81,,0.6229867339134216,,0.14033232629299164,,0.561652421951294,,1.3249714374542236
0,82,,0.597711443901062,,0.11807799339294434,,0.08018116652965546,,0.795970618724823
0,83,,0.6253810524940491,,0.17606408894062042,,0.33339330554008484,,1.1348384618759155
0,84,,0.6187824010848999,,0.09934554249048233,,0.34334197640419006,,1.0614699125289917
0,85,,0.6541080474853516,,0.2399601936340332,,0.2285671830177307,,1.1226353645324707
0,86,,0.0,,0.0,,0.012821033596992493,,0.012821033596992493
0,87,,0.6275614500045776,,0.10329713672399521,,0.1906217336654663,,0.9214802980422974
0,88,,0.6273673176765442,,0.1029808446764946,,0.21542762219905853,,0.9457757472991943
0,89,,0.6530699133872986,,0.19966775178909302,,0.1764431744813919,,1.0291807651519775
0,90,,0.6315456628799438,,0.11666964739561081,,0.07832881808280945,,0.8265441656112671
0,91,,0.0,,0.0,,0.0312938317656517,,0.0312938317656517
0,92,,0.0,,0.0,,0.1375427544116974,,0.1375427544116974
0,93,,0.6494134664535522,,0.19114096462726593,,0.3227567672729492,,1.163311243057251
0,94,,0.6917882561683655,,0.37961897253990173,,0.6705709099769592,,1.7419781684875488
0,95,,0.0,,0.0,,0.03553014621138573,,0.03553014621138573
0,96,,0.0,,0.0,,0.16365401446819305,,0.16365401446819305
0,97,,0.642649233341217,,0.14361372590065002,,0.2573298513889313,,1.0435928106307983
0,98,,0.0,,0.0,,0.3117404878139496,,0.3117404878139496
0,99,,0.6303291320800781,,0.05179571360349655,,0.12149156630039215,,0.8036164045333862
0,100,,0.0,,0.0,,0.0019727759063243866,,0.0019727759063243866
0,101,,0.6368933320045471,,0.10486368834972382,,0.07778170704841614,,0.8195387125015259
0,102,,0.6333116292953491,,0.1153746023774147,,0.15475483238697052,,0.9034410715103149
0,103,,0.6348069310188293,,0.16754424571990967,,0.17996038496494293,,0.9823115468025208
0,104,,0.6351276636123657,,0.121694415807724,,0.29868263006210327,,1.0555046796798706
0,105,,0.0,,0.0,,0.0020615956746041775,,0.0020615956746041775
0,106,,0.0,,0.0,,0.0415634959936142,,0.0415634959936142
0,107,,0.6312039494514465,,0.08287205547094345,,0.0635368600487709,,0.7776128649711609
0,108,,0.6030542850494385,,0.14021068811416626,,0.20314694941043854,,0.9464119076728821
0,109,,0.6340047717094421,,0.0850929394364357,,0.13753177225589752,,0.856629490852356
0,110,,0.6196314096450806,,0.09053357690572739,,0.12933146953582764,,0.8394964933395386
0,111,,0.6233540177345276,,0.0560944490134716,,0.05407007783651352,,0.7335185408592224
0,112,,0.6154425740242004,,0.06757191568613052,,0.2897528409957886,,0.9727673530578613
0,113,,0.6362990140914917,,0.11560051888227463,,0.33373042941093445,,1.085629940032959
0,114,,0.6373998522758484,,0.13117478787899017,,0.33861663937568665,,1.1071913242340088
0,115,,0.6224886178970337,,0.05683612450957298,,0.0539386160671711,,0.733263373374939
0,116,,0.6549859642982483,,0.19721433520317078,,0.1696968674659729,,1.0218971967697144
0,117,,0.0,,0.0,,1.7728893756866455,,1.7728893756866455
0,118,,0.642989456653595,,0.14302197098731995,,0.07203304767608643,,0.8580445051193237
0,119,,0.6429867148399353,,0.21644926071166992,,0.4112136960029602,,1.2706496715545654
0,120,,0.0,,0.0,,1.1487791538238525,,1.1487791538238525
0,121,,0.6375587582588196,,0.11535385251045227,,0.06444154679775238,,0.817354142665863
0,122,,0.614605724811554,,0.06612303853034973,,0.04053620249032974,,0.7212649583816528
0,123,,0.6302466988563538,,0.02802729606628418,,0.04734261706471443,,0.7056165933609009
0,124,,0.6299851536750793,,0.09579485654830933,,0.4601426124572754,,1.185922622680664
0,125,,0.6363233327865601,,0.13287654519081116,,0.10515755414962769,,0.8743574619293213
0,126,,0.6328835487365723,,0.10170291364192963,,0.12708733975887299,,0.8616738319396973
0,127,,0.6174042224884033,,0.08568675071001053,,0.0589105598628521,,0.7620015144348145
0,128,,0.6437107920646667,,0.1463359147310257,,0.1404445469379425,,0.9304912686347961
0,129,,0.611994206905365,,0.045337773859500885,,0.04452310875058174,,0.7018550634384155
0,130,,0.0,,0.0,,3.4024465084075928,,3.4024465084075928
0,131,,0.670236349105835,,0.25326332449913025,,0.2018333375453949,,1.1253330707550049
0,132,,0.6127368807792664,,0.04687705636024475,,0.4707690477371216,,1.130383014678955
0,133,,0.6474726796150208,,0.3093924820423126,,0.3336482048034668,,1.290513277053833
0,134,,0.6379607319831848,,0.12011141330003738,,0.08958680927753448,,0.8476589918136597
0,135,,0.6331852078437805,,0.06894783675670624,,0.06137098744511604,,0.7635040283203125
0,136,,0.0,,0.0,,0.031953178346157074,,0.031953178346157074
0,137,,0.634080171585083,,0.13053005933761597,,0.08190389722585678,,0.846514105796814
0,138,,0.6319665312767029,,0.09242008626461029,,0.40907925367355347,,1.1334658861160278
0,139,,0.0,,0.0,,0.0021518871653825045,,0.0021518871653825045
0,140,,0.633894681930542,,0.10887172073125839,,0.2418198436498642,,0.984586238861084
0,141,,0.619530200958252,,0.08894572407007217,,0.24756987392902374,,0.9560458064079285
0,142,,0.0,,0.0,,0.004507121164351702,,0.004507121164351702
0,143,,0.628616452217102,,0.1208122968673706,,0.3956749439239502,,1.1451036930084229
0,144,,0.6370362043380737,,0.1062004342675209,,0.05478357896208763,,0.7980202436447144
0,145,,0.6941077709197998,,0.33823445439338684,,0.6363065242767334,,1.6686487197875977
0,146,,0.6362046003341675,,0.11310773342847824,,0.11293710768222809,,0.8622494339942932
0,147,,0.6358762383460999,,0.09888659417629242,,0.12211228907108307,,0.8568751215934753
0,148,,0.6357436776161194,,0.1026948019862175,,0.09263858944177628,,0.8310770988464355
0,149,,0.6137856841087341,,0.06058785319328308,,0.06691893190145493,,0.7412924766540527
0,150,,0.6309415102005005,,0.15450695157051086,,0.15973687171936035,,0.9451853036880493
0,151,,0.0,,0.0,,0.046617284417152405,,0.046617284417152405
0,152,,0.6343210935592651,,0.10991087555885315,,0.09782419353723526,,0.842056155204773
0,153,,0.6191757321357727,,0.09968160837888718,,0.09334594756364822,,0.8122032880783081
0,154,,0.6141168475151062,,0.045212335884571075,,0.1929994523525238,,0.8523286581039429
0,155,,0.6364945769309998,,0.1113683357834816,,0.047340236604213715,,0.7952031493186951
0,156,,0.6303766369819641,,0.05887817218899727,,0.37846019864082336,,1.067715048789978
0,157,,0.6754894256591797,,0.2791644334793091,,0.17331089079380035,,1.127964735031128
0,158,,0.6234768033027649,,0.10179316997528076,,0.1406329721212387,,0.8659029603004456
0,159,,0.6387274861335754,,0.11896109580993652,,0.07050279527902603,,0.8281913995742798
0,160,,0.0,,0.0,,1.0782402753829956,,1.0782402753829956
0,161,,0.6324294209480286,,0.051359422504901886,,0.03584618121385574,,0.719635009765625
0,162,,0.0,,0.0,,0.05722624063491821,,0.05722624063491821
0,163,,0.0,,0.0,,0.04097854346036911,,0.04097854346036911
0,164,,0.6292890906333923,,0.06254444271326065,,0.04789894074201584,,0.7397325038909912
0,165,,0.0,,0.0,,0.07411251962184906,,0.07411251962184906
0,166,,0.6347227096557617,,0.08727452903985977,,0.17756059765815735,,0.8995578289031982
0,167,,0.0,,0.0,,0.0017302553169429302,,0.0017302553169429302
0,168,,0.6227372884750366,,0.12318793684244156,,0.08825157582759857,,0.834176778793335
0,169,,0.0,,0.0,,0.008396858349442482,,0.008396858349442482
0,170,,0.6179193258285522,,0.10977938026189804,,0.05679527297616005,,0.7844939827919006
0,171,,0.6476119756698608,,0.34173646569252014,,0.49650537967681885,,1.4858537912368774
0,172,,0.631985604763031,,0.13097023963928223,,0.1121673583984375,,0.8751232028007507
0,173,,0.0,,0.0,,0.0018102762987837195,,0.0018102762987837195
0,174,,0.6228196620941162,,0.15638725459575653,,0.8538876175880432,,1.6330945491790771
0,175,,0.0,,0.0,,2.2099575996398926,,2.2099575996398926
0,176,,0.6508142352104187,,0.269368052482605,,0.5106022357940674,,1.4307844638824463
0,177,,0.0,,0.0,,0.08285915851593018,,0.08285915851593018
0,178,,0.6263934373855591,,0.09475043416023254,,0.06285601854324341,,0.7839999198913574
0,179,,0.6380731463432312,,0.10149673372507095,,0.16592369973659515,,0.9054936170578003
0,180,,0.635410726070404,,0.09333880990743637,,0.13972830772399902,,0.8684778213500977
0,181,,0.6349337697029114,,0.09306234121322632,,0.1617112159729004,,0.8897073268890381
0,182,,0.0,,0.0,,0.2142529934644699,,0.2142529934644699
0,183,,0.0,,0.0,,0.06888340413570404,,0.06888340413570404
0,184,,0.0,,0.0,,0.09562413394451141,,0.09562413394451141
0,185,,0.6280209422111511,,0.10583914816379547,,0.05787959322333336,,0.7917397022247314
0,186,,0.6408606767654419,,0.12910686433315277,,0.21722638607025146,,0.9871939420700073
0,187,,0.6350399851799011,,0.08263730257749557,,0.08582016080617905,,0.8034974336624146
0,188,,0.0,,0.0,,0.022535566240549088,,0.022535566240549088
0,189,,0.0,,0.0,,1.2842803001403809,,1.2842803001403809
0,190,,0.6230971217155457,,0.05747072026133537,,0.7139052748680115,,1.3944730758666992
0,191,,0.0,,0.0,,0.012397756800055504,,0.012397756800055504
0,192,,0.6425037384033203,,0.12667593359947205,,0.8624440431594849,,1.6316237449645996
0,193,,0.6404612064361572,,0.1346491128206253,,0.10730542242527008,,0.882415771484375
0,194,,0.0,,0.0,,0.009302912279963493,,0.009302912279963493
0,195,,0.6410082578659058,,0.10800576955080032,,0.4124223589897156,,1.1614363193511963
0,196,,0.6421447992324829,,0.1567559540271759,,0.11910104751586914,,0.9180017709732056
0,197,,0.6376293897628784,,0.12896370887756348,,0.07621536403894424,,0.8428084850311279
0,198,,0.6345718502998352,,0.10165641456842422,,0.656116783618927,,1.3923450708389282
0,199,,0.6182235479354858,,0.12012837827205658,,0.19407495856285095,,0.9324268698692322
0,200,,0.6229882836341858,,0.12394553422927856,,0.5003518462181091,,1.2472856044769287
0,201,,0.6372377872467041,,0.12813493609428406,,0.07186965644359589,,0.8372423648834229
0,202,,0.0,,0.0,,0.05325307324528694,,0.05325307324528694
0,203,,0.6251292824745178,,0.08652810752391815,,0.2752399742603302,,0.986897349357605
0,204,,0.6378226280212402,,0.26079922914505005,,1.1045782566070557,,2.003200054168701
0,205,,0.6410930156707764,,0.14660480618476868,,0.10591147094964981,,0.8936092853546143
0,206,,0.0,,0.0,,0.0011914810165762901,,0.0011914810165762901
0,207,,0.6345988512039185,,0.08121559023857117,,0.061908259987831116,,0.7777227163314819
0,208,,0.6157249212265015,,0.06713670492172241,,0.16991060972213745,,0.8527722358703613
0,209,,0.6181666254997253,,0.08829327672719955,,0.45131298899650574,,1.1577728986740112
0,210,,0.6470885872840881,,0.19294695556163788,,0.17146851122379303,,1.011504054069519
0,211,,0.63308185338974,,0.12884028255939484,,0.24648909270763397,,1.008411169052124
0,212,,0.6695385575294495,,0.2567349672317505,,0.6975080370903015,,1.6237815618515015
0,213,,0.6385107040405273,,0.11716993898153305,,0.05247737839818001,,0.8081580400466919
0,214,,0.612678050994873,,0.05239015817642212,,0.07547015696763992,,0.7405383586883545
0,215,,0.6280779242515564,,0.07847222685813904,,0.16631485521793365,,0.8728650212287903
0,216,,0.6255776882171631,,0.08007702231407166,,0.6738945841789246,,1.379549264907837
0,217,,0.6364296078681946,,0.13526082038879395,,0.07441052049398422,,0.846100926399231
0,218,,0.6125667095184326,,0.05125200375914574,,0.1167423203587532,,0.7805610299110413
0,219,,0.6304190754890442,,0.0713152065873146,,0.12260808050632477,,0.8243423700332642
0,220,,0.6143484711647034,,0.06887470185756683,,0.06012983247637749,,0.743353009223938
0,221,,0.0,,0.0,,0.00723410677164793,,0.00723410677164793
0,222,,0.6368405222892761,,0.10186412930488586,,0.03864683583378792,,0.7773514986038208
0,223,,0.6342453360557556,,0.12384477257728577,,0.09036299586296082,,0.8484531044960022
0,224,,0.621680498123169,,0.11807455867528915,,0.057742755860090256,,0.7974978089332581
0,225,,0.0,,0.0,,0.18821212649345398,,0.18821212649345398
0,226,,0.6349515914916992,,0.10822144150733948,,0.5445809960365295,,1.2877540588378906
0,227,,0.6250787973403931,,0.08281370252370834,,0.13849665224552155,,0.8463891744613647
0,228,,0.6157026886940002,,0.08744984120130539,,0.07321184873580933,,0.7763643860816956
0,229,,0.6352905035018921,,0.1807112991809845,,0.5301132202148438,,1.346114993095398
0,230,,0.6347949504852295,,0.11385650932788849,,0.1368192732334137,,0.8854707479476929
0,231,,0.6294975280761719,,0.0421309731900692,,0.02970931865274906,,0.7013378143310547
0,232,,0.6273037791252136,,0.10343502461910248,,0.0521014966070652,,0.7828403115272522
0,233,,0.6222003698348999,,0.136789470911026,,0.22705112397670746,,0.9860409498214722
0,234,,0.6337503790855408,,0.07584685832262039,,0.04258202388882637,,0.7521792650222778
0,235,,0.6188691854476929,,0.10006877779960632,,0.06020209938287735,,0.779140055179596
0,236,,0.632294774055481,,0.061422910541296005,,0.059389736503362656,,0.7531074285507202
0,237,,0.6132616996765137,,0.03851563110947609,,0.03733943775296211,,0.6891167759895325
0,238,,0.6299012303352356,,0.08862682431936264,,0.15508264303207397,,0.8736107349395752
0,239,,0.6317461133003235,,0.07466981559991837,,0.049298617988824844,,0.7557145357131958
0,240,,0.6253238320350647,,0.14923356473445892,,0.12787802517414093,,0.9024354219436646
0,241,,0.6384662985801697,,0.11906398832798004,,0.08702639490365982,,0.8445566892623901
0,242,,0.6355359554290771,,0.1480538547039032,,0.24222025275230408,,1.0258100032806396
0,243,,0.6291291117668152,,0.1139075979590416,,0.07234516739845276,,0.8153818845748901
0,244,,0.0,,0.0,,0.010567760095000267,,0.010567760095000267
0,245,,0.0,,0.0,,0.0038783089257776737,,0.0038783089257776737
0,246,,0.0,,0.0,,2.265263080596924,,2.265263080596924
0,247,,0.6522499918937683,,0.21722881495952606,,0.33954882621765137,,1.209027647972107
0,248,,0.6461000442504883,,0.18701666593551636,,0.0432068333029747,,0.8763235807418823
0,249,,0.0,,0.0,,0.8642330169677734,,0.8642330169677734
0,250,,0.6138787865638733,,0.07580738514661789,,0.3298034965991974,,1.0194896459579468
0,251,,0.0,,0.0,,0.024123739451169968,,0.024123739451169968
0,252,,0.6352077722549438,,0.14479097723960876,,0.21783488988876343,,0.9978336095809937
0,253,,0.0,,0.0,,0.05292521044611931,,0.05292521044611931
0,254,,0.6442416310310364,,0.13515567779541016,,0.05154072120785713,,0.8309380412101746
0,255,,0.6256964802742004,,0.14978733658790588,,0.12582549452781677,,0.9013093113899231
0,256,,0.6299237012863159,,0.1274949312210083,,0.3031245470046997,,1.060543179512024
0,257,,0.633133590221405,,0.08953092992305756,,0.06369461119174957,,0.7863591313362122
0,258,,0.6339744329452515,,0.1003606840968132,,0.09512147307395935,,0.8294565677642822
0,259,,0.6378665566444397,,0.21916517615318298,,0.11446242779493332,,0.971494197845459
0,260,,0.6282264590263367,,0.0808345153927803,,0.09259703755378723,,0.801658034324646
0,261,,0.6318238377571106,,0.06336095184087753,,0.1292603760957718,,0.8244451284408569
0,262,,0.6341143846511841,,0.08650777488946915,,0.06843139976263046,,0.7890535593032837
0,263,,0.619091808795929,,0.10417576134204865,,0.49800869822502136,,1.2212762832641602
0,264,,0.625901997089386,,0.08658970147371292,,0.044764209538698196,,0.7572559118270874
0,265,,0.6141049861907959,,0.03584838658571243,,0.05168566107749939,,0.7016390562057495
0,266,,0.0,,0.0,,0.08731715381145477,,0.08731715381145477
0,267,,0.6421911716461182,,0.133003830909729,,0.21201497316360474,,0.9872099757194519
0,268,,0.6128296852111816,,0.051234714686870575,,0.2663445472717285,,0.9304089546203613
0,269,,0.6363592147827148,,0.09573251754045486,,0.04517810419201851,,0.7772698402404785
0,270,,0.0,,0.0,,0.003605138510465622,,0.003605138510465622
0,271,,0.6179973483085632,,0.10739263147115707,,0.709714949131012,,1.4351048469543457
0,272,,0.6168809533119202,,0.0929105207324028,,0.10664939135313034,,0.8164408802986145
0,273,,0.6304357647895813,,0.025949152186512947,,0.05741550400853157,,0.7138004302978516
0,274,,0.6443766951560974,,0.18592028319835663,,0.4043203592300415,,1.2346173524856567
0,275,,0.6297069787979126,,0.08336617052555084,,0.06722356379032135,,0.7802966833114624
0,276,,0.6320331692695618,,0.06636165082454681,,0.07265514135360718,,0.771049976348877
0,277,,0.699737012386322,,0.36081573367118835,,0.32268276810646057,,1.3832354545593262
0,278,,0.6364731192588806,,0.16806961596012115,,0.26154714822769165,,1.0660898685455322
0,279,,0.6341825127601624,,0.14035078883171082,,0.1167432963848114,,0.8912765979766846
0,280,,0.0,,0.0,,0.007256804965436459,,0.007256804965436459
0,281,,0.6408069729804993,,0.16536127030849457,,0.1583438217639923,,0.964512050151825
0,282,,0.6164364218711853,,0.07360459119081497,,0.06207367032766342,,0.7521146535873413
0,283,,0.6306951642036438,,0.04203958809375763,,0.29672542214393616,,0.9694601893424988
0,284,,0.6150816082954407,,0.07534202188253403,,0.10890411585569382,,0.7993277311325073
0,285,,0.612022876739502,,0.0519719123840332,,0.09177958220243454,,0.7557743787765503
0,286,,0.6455496549606323,,0.1530122607946396,,0.11002673208713531,,0.9085886478424072
0,287,,0.6146220564842224,,0.0646594911813736,,0.04143441468477249,,0.7207159399986267
0,288,,0.633755087852478,,0.15478850901126862,,0.45511558651924133,,1.243659257888794
0,289,,0.0,,0.0,,2.38637113571167,,2.38637113571167
0,290,,0.6190568208694458,,0.11077521741390228,,0.08672346919775009,,0.8165555000305176
0,291,,0.6547070741653442,,0.26087525486946106,,0.23604999482631683,,1.151632308959961
0,292,,0.6323664784431458,,0.06641510128974915,,0.06381694227457047,,0.7625985145568848
0,293,,0.6321362257003784,,0.043625909835100174,,0.6904262900352478,,1.366188406944275
0,294,,0.6301923394203186,,0.06810319423675537,,1.0825682878494263,,1.7808637619018555
0,295,,0.6367464661598206,,0.1400686800479889,,0.17873145639896393,,0.9555466175079346
0,296,,0.634808361530304,,0.09189438074827194,,0.04919039085507393,,0.7758931517601013
0,297,,0.0,,0.0,,0.07286607474088669,,0.07286607474088669
0,298,,0.6246857047080994,,0.07746648043394089,,0.40814483165740967,,1.1102969646453857
0,299,,0.0,,0.0,,4.548611164093018,,4.548611164093018
0,300,,0.630810022354126,,0.08113867789506912,,0.2831874489784241,,0.9951361417770386
0,301,,0.6288483142852783,,0.15968839824199677,,0.09138530492782593,,0.8799220323562622
0,302,,0.6281015276908875,,0.17025136947631836,,0.12045392394065857,,0.918806791305542
0,303,,0.0,,0.0,,0.10739021748304367,,0.10739021748304367
0,304,,0.6331090927124023,,0.15475815534591675,,0.19856442511081696,,0.9864316582679749
0,305,,0.0,,0.0,,1.1359748840332031,,1.1359748840332031
0,306,,0.6202490329742432,,0.08890954405069351,,0.24467702209949493,,0.9538356065750122
0,307,,0.6383343935012817,,0.11243227124214172,,0.27915075421333313,,1.0299174785614014
0,308,,0.0,,0.0,,0.01081365067511797,,0.01081365067511797
0,309,,0.0,,0.0,,0.0034107258543372154,,0.0034107258543372154
0,310,,0.6163044571876526,,0.0774354338645935,,0.07154116779565811,,0.765281081199646
0,311,,0.6377614140510559,,0.10673201084136963,,0.8430595397949219,,1.5875530242919922
0,312,,0.6203321218490601,,0.10019577294588089,,0.22431330382823944,,0.944841206073761
0,313,,0.0,,0.0,,0.01087942998856306,,0.01087942998856306
0,314,,0.6352961659431458,,0.2131534367799759,,0.43884000182151794,,1.2872896194458008
0,315,,0.6341392993927002,,0.1324988603591919,,0.11713476479053497,,0.8837729096412659
0,316,,0.6143536567687988,,0.11281946301460266,,0.07972884178161621,,0.8069019317626953
0,317,,0.0,,0.0,,0.12877236306667328,,0.12877236306667328
0,318,,0.6142837405204773,,0.1189892366528511,,0.15005190670490265,,0.8833248615264893
0,319,,0.6227737665176392,,0.14375874400138855,,0.15835975110530853,,0.924892246723175
0,320,,0.636027455329895,,0.14772669970989227,,0.18056927621364594,,0.9643234014511108
0,321,,0.6332667469978333,,0.10496343672275543,,0.027543026953935623,,0.7657731771469116
0,322,,0.6241923570632935,,0.1180272251367569,,0.04816422611474991,,0.7903838157653809
0,323,,0.0,,0.0,,0.2317667305469513,,0.2317667305469513
0,324,,0.0,,0.0,,3.609646797180176,,3.609646797180176
0,325,,0.6336217522621155,,0.06836310774087906,,0.20809942483901978,,0.9100842475891113
0,326,,0.6260457634925842,,0.13219459354877472,,0.4840172827243805,,1.2422575950622559
0,327,,0.630793035030365,,0.06239514425396919,,0.04426892474293709,,0.7374570965766907
0,328,,0.6278460621833801,,0.10751763731241226,,0.1835288405418396,,0.918892502784729
0,329,,0.0,,0.0,,17.890411376953125,,17.890411376953125
0,330,,0.627240002155304,,0.1384584903717041,,0.22237563133239746,,0.9880741238594055
0,331,,0.6252466440200806,,0.10410591214895248,,0.17685797810554504,,0.9062105417251587
0,332,,0.0,,0.0,,0.14277337491512299,,0.14277337491512299
0,333,,0.6259697079658508,,0.12742193043231964,,0.10051344335079193,,0.8539050817489624
0,334,,0.6323105096817017,,0.09153883904218674,,0.1552758514881134,,0.8791252374649048
0,335,,0.0,,0.0,,0.009234832599759102,,0.009234832599759102
0,336,,0.6373336911201477,,0.13328011333942413,,0.7507599592208862,,1.5213737487792969
0,337,,0.6377175450325012,,0.11676841229200363,,0.20304645597934723,,0.9575324058532715
0,338,,0.6251831650733948,,0.13883478939533234,,0.0829041376709938,,0.8469220995903015
0,339,,0.6390271782875061,,0.12074894458055496,,0.07903601974248886,,0.8388121128082275
0,340,,0.6482688784599304,,0.175324946641922,,0.1642046421766281,,0.9877984523773193
0,341,,0.6377449035644531,,0.11654458940029144,,0.5743834376335144,,1.3286728858947754
0,342,,0.6306027173995972,,0.0732414498925209,,0.050807006657123566,,0.7546511888504028
0,343,,0.6173749566078186,,0.11041264981031418,,0.1529642641544342,,0.8807518482208252
0,344,,0.0,,0.0,,0.004689768888056278,,0.004689768888056278
0,345,,0.0,,0.0,,0.012310347519814968,,0.012310347519814968
0,346,,0.6349860429763794,,0.10318458080291748,,0.2865128517150879,,1.0246834754943848
0,347,,0.6310468316078186,,0.03865718096494675,,0.034455306828022,,0.7041593194007874
0,348,,0.6320533156394958,,0.09665828198194504,,0.7075101733207703,,1.4362218379974365
0,349,,0.634560227394104,,0.0859755128622055,,0.06696204096078873,,0.7874977588653564
0,350,,0.0,,0.0,,0.007822021842002869,,0.007822021842002869
0,351,,0.6167811751365662,,0.09023107588291168,,0.11444386094808578,,0.8214560747146606
0,352,,0.6199699640274048,,0.13111037015914917,,0.7109655737876892,,1.4620459079742432
0,353,,0.6134551763534546,,0.04507730156183243,,0.0902964249253273,,0.7488288879394531
0,354,,0.6179109215736389,,0.10416828095912933,,0.15564033389091492,,0.877719521522522
0,355,,0.6313721537590027,,0.11037714779376984,,0.31432366371154785,,1.0560729503631592
0,356,,0.6323009133338928,,0.08412241190671921,,0.12398752570152283,,0.8404108285903931
0,357,,0.6431905031204224,,0.14407998323440552,,0.06806225329637527,,0.8553327322006226
0,358,,0.6162575483322144,,0.07481810450553894,,0.221774160861969,,0.9128497838973999
0,359,,0.6119745969772339,,0.04039519280195236,,0.05806694179773331,,0.7104367017745972
0,360,,0.6135662198066711,,0.06875640153884888,,0.1032586395740509,,0.7855812311172485
0,361,,0.6191402077674866,,0.09766558557748795,,0.7867689728736877,,1.5035748481750488
0,362,,0.6356176137924194,,0.12115486711263657,,0.22992490231990814,,0.9866973757743835
0,363,,0.6036136150360107,,0.06765805929899216,,0.07654797285795212,,0.7478196620941162
0,364,,0.5898773074150085,,0.019870834425091743,,0.07024344056844711,,0.679991602897644
0,365,,0.0,,0.0,,0.02821492776274681,,0.02821492776274681
0,366,,0.0,,0.0,,0.0489543080329895,,0.0489543080329895
0,367,,0.6143788695335388,,0.05488711595535278,,0.4870757758617401,,1.156341791152954
0,368,,0.6228662729263306,,0.1385987401008606,,0.08237085491418839,,0.8438358306884766
0,369,,0.0,,0.0,,0.004110144916921854,,0.004110144916921854
0,370,,0.0,,0.0,,0.17239463329315186,,0.17239463329315186
0,371,,0.6342016458511353,,0.08609333634376526,,0.07451920956373215,,0.7948142290115356
0,372,,0.0,,0.0,,0.0018856112146750093,,0.0018856112146750093
0,373,,0.0,,0.0,,0.047902755439281464,,0.047902755439281464
0,374,,0.0,,0.0,,0.006286913529038429,,0.006286913529038429
0,375,,0.6131150722503662,,0.08664757758378983,,0.07170983403921127,,0.7714724540710449
0,376,,0.6534181237220764,,0.19838280975818634,,0.12128162384033203,,0.9730825424194336
0,377,,0.0,,0.0,,0.002429252490401268,,0.002429252490401268
0,378,,0.6505386829376221,,0.16973963379859924,,0.7129204869270325,,1.5331988334655762
0,379,,0.0,,0.0,,1.8463211059570312,,1.8463211059570312
0,380,,0.6126577258110046,,0.0615915022790432,,0.06526033580303192,,0.7395095825195312
0,381,,0.0,,0.0,,0.0010096760233864188,,0.0010096760233864188
0,382,,0.6205086708068848,,0.10614040493965149,,0.07029401510953903,,0.7969430685043335
0,383,,0.0,,0.0,,0.09179729223251343,,0.09179729223251343
0,384,,0.0,,0.0,,0.010210718959569931,,0.010210718959569931
0,385,,0.6234628558158875,,0.0806722342967987,,0.09671178460121155,,0.8008468747138977
0,386,,0.6374050974845886,,0.10134977102279663,,0.15606223046779633,,0.8948171138763428
0,387,,0.6975987553596497,,0.36693716049194336,,0.9394310116767883,,2.003966808319092
0,388,,0.6597258448600769,,0.19419683516025543,,0.12242916226387024,,0.9763518571853638
0,389,,0.636287271976471,,0.091382697224617,,0.3318946659564972,,1.0595645904541016
0,390,,0.6367011666297913,,0.15049967169761658,,0.1726115345954895,,0.9598124027252197
0,391,,0.6303191781044006,,0.03648993745446205,,0.09415192157030106,,0.7609610557556152
0,392,,0.6298192143440247,,0.03922664001584053,,0.1899126172065735,,0.8589584827423096
0,393,,0.0,,0.0,,0.016333576291799545,,0.016333576291799545
0,394,,0.6145866513252258,,0.0780547484755516,,0.0534922294318676,,0.7461336255073547
0,395,,0.6251730918884277,,0.10270433127880096,,0.3405749201774597,,1.0684523582458496
0,396,,0.6332797408103943,,0.09631186723709106,,0.05985664203763008,,0.7894482612609863
0,397,,0.6470590233802795,,0.16657166182994843,,0.2968943119049072,,1.1105250120162964
0,398,,0.6487339735031128,,0.1749802678823471,,0.10895609855651855,,0.9326703548431396
0,399,,0.6375048756599426,,0.15216794610023499,,0.28211116790771484,,1.0717840194702148
0,400,,0.0,,0.0,,0.004422274883836508,,0.004422274883836508
0,401,,0.6393409371376038,,0.11654067784547806,,0.15319141745567322,,0.909072995185852
0,402,,0.0,,0.0,,0.1253642439842224,,0.1253642439842224
0,403,,0.6115306615829468,,0.03449096903204918,,0.09466508030891418,,0.7406867146492004
0,404,,0.6298850178718567,,0.17571169137954712,,0.14191055297851562,,0.9475072622299194
0,405,,0.639453113079071,,0.13762320578098297,,0.21183602511882782,,0.9889123439788818
0,406,,0.6482095718383789,,0.1918676346540451,,0.07711508870124817,,0.917192280292511
0,407,,0.0,,0.0,,0.0014739853795617819,,0.0014739853795617819
0,408,,0.6434996128082275,,0.1323367953300476,,0.08855538070201874,,0.8643918037414551
0,409,,0.0,,0.0,,0.12062859535217285,,0.12062859535217285
0,410,,0.636624813079834,,0.12081827223300934,,0.09037820249795914,,0.8478212952613831
0,411,,0.0,,0.0,,0.0021873207297176123,,0.0021873207297176123
0,412,,0.6188700795173645,,0.08190706372261047,,0.06359437108039856,,0.7643715143203735
0,413,,0.6418275237083435,,0.21111604571342468,,0.29561880230903625,,1.1485624313354492
0,414,,0.0,,0.0,,0.045988697558641434,,0.045988697558641434
0,415,,0.6329076886177063,,0.09498094022274017,,0.10609810799360275,,0.833986759185791
0,416,,0.0,,0.0,,0.01629672572016716,,0.01629672572016716
0,417,,0.0,,0.0,,0.00179544638376683,,0.00179544638376683
0,418,,0.0,,0.0,,0.007171560078859329,,0.007171560078859329
0,419,,0.0,,0.0,,0.0035674418322741985,,0.0035674418322741985
0,420,,0.6322157979011536,,0.08809492737054825,,0.06647160649299622,,0.7867823243141174
0,421,,0.6386805772781372,,0.13412508368492126,,0.032821763306856155,,0.8056274056434631
0,422,,0.0,,0.0,,0.5104600787162781,,0.5104600787162781
0,423,,0.6205043196678162,,0.07616046071052551,,0.08564464747905731,,0.7823094129562378
0,424,,0.6018193960189819,,0.11160340160131454,,0.16489221155643463,,0.8783149719238281
0,425,,0.6130353808403015,,0.06421639025211334,,0.04604223743081093,,0.7232940196990967
0,426,,0.6405671238899231,,0.13725169003009796,,0.0369807668030262,,0.8147995471954346
0,427,,0.0,,0.0,,0.02012544870376587,,0.02012544870376587
0,428,,0.0,,0.0,,4.548854827880859,,4.548854827880859
0,429,,0.6347730159759521,,0.08229620009660721,,0.18969546258449554,,0.9067646861076355
0,430,,0.6355865597724915,,0.13481613993644714,,0.04133429005742073,,0.8117370009422302
0,431,,0.6457307934761047,,0.11968288570642471,,0.04842713475227356,,0.8138408064842224
0,432,,0.6449233293533325,,0.14763280749320984,,0.0763574093580246,,0.8689135313034058
0,433,,0.0,,0.0,,0.027675040066242218,,0.027675040066242218
0,434,,0.0,,0.0,,0.0005999064305797219,,0.0005999064305797219
0,435,,0.6367025971412659,,0.13811960816383362,,0.21156293153762817,,0.9863851070404053
0,436,,0.6224253177642822,,0.10510948300361633,,0.34081003069877625,,1.0683448314666748
0,437,,0.0,,0.0,,0.4349133372306824,,0.4349133372306824
0,438,,0.6457692384719849,,0.15977419912815094,,0.13228221237659454,,0.9378256797790527
0,439,,0.0,,0.0,,0.0005604382022283971,,0.0005604382022283971
0,440,,0.6331085562705994,,0.10507142543792725,,0.032720696181058884,,0.7709006667137146
0,441,,0.0,,0.0,,0.002713531721383333,,0.002713531721383333
0,442,,0.0,,0.0,,0.0009509788942523301,,0.0009509788942523301
0,443,,0.6441106796264648,,0.20048651099205017,,1.1782819032669067,,2.022879123687744
0,444,,0.6312717795372009,,0.08969248086214066,,0.043908439576625824,,0.764872670173645
0,445,,0.6245777010917664,,0.15992234647274017,,0.0588693805038929,,0.8433694243431091
0,446,,0.0,,0.0,,0.011566074565052986,,0.011566074565052986
0,447,,0.6416741013526917,,0.14716441929340363,,0.054172344505786896,,0.8430109024047852
0,448,,0.0,,0.0,,0.0026053194887936115,,0.0026053194887936115
0,449,,0.6147254705429077,,0.05063634365797043,,0.237985298037529,,0.9033471345901489
0,450,,0.6338983774185181,,0.10186437517404556,,0.2671760618686676,,1.0029387474060059
0,451,,0.0,,0.0,,0.0005204445333220065,,0.0005204445333220065
0,452,,0.0,,0.0,,0.14934894442558289,,0.14934894442558289
0,453,,0.6375572681427002,,0.09326198697090149,,0.21175560355186462,,0.9425748586654663
0,454,,0.0,,0.0,,0.000719683535862714,,0.000719683535862714
0,455,,0.61274254322052,,0.05527898669242859,,0.09174484014511108,,0.7597663402557373
0,456,,0.0,,0.0,,0.0759640783071518,,0.0759640783071518
0,457,,0.0,,0.0,,0.0008125316235236824,,0.0008125316235236824
0,458,,0.6473731994628906,,0.15463055670261383,,0.07430306822061539,,0.8763068318367004
0,459,,0.6368158459663391,,0.18439394235610962,,0.3177609443664551,,1.1389707326889038
0,460,,0.592983067035675,,0.0792129710316658,,0.06249503046274185,,0.7346910834312439
0,461,,0.6309641003608704,,0.06383021175861359,,0.02655824087560177,,0.7213525772094727
0,462,,0.6193931698799133,,0.06887582689523697,,0.06461749970912933,,0.7528865337371826
0,463,,0.0,,0.0,,2.2284390926361084,,2.2284390926361084
0,464,,0.6346604824066162,,0.08094265311956406,,0.08119974285364151,,0.7968028783798218
0,465,,0.6312597393989563,,0.055319469422101974,,0.13266614079475403,,0.8192453384399414
0,466,,0.6156379580497742,,0.07544475048780441,,0.417493611574173,,1.1085762977600098
0,467,,0.6322020292282104,,0.03105294704437256,,0.03419215604662895,,0.6974471211433411
0,468,,0.0,,0.0,,0.07528194785118103,,0.07528194785118103
0,469,,0.0,,0.0,,0.0008878456428647041,,0.0008878456428647041
0,470,,0.0,,0.0,,0.0012064430629834533,,0.0012064430629834533
0,471,,0.0,,0.0,,0.3616212010383606,,0.3616212010383606
0,472,,0.0,,0.0,,0.00079519854625687,,0.00079519854625687
0,473,,0.6315400004386902,,0.01971965655684471,,0.09974552690982819,,0.7510051727294922
0,474,,0.6453360319137573,,0.20606833696365356,,0.44625183939933777,,1.2976561784744263
0,475,,0.6356289982795715,,0.17246057093143463,,0.2499309927225113,,1.0580205917358398
0,476,,0.0,,0.0,,0.000637288554571569,,0.000637288554571569
0,477,,0.6251185536384583,,0.14020049571990967,,0.11300458759069443,,0.8783236742019653
0,478,,0.0,,0.0,,0.0024057934060692787,,0.0024057934060692787
0,479,,0.630646824836731,,0.07095661014318466,,0.031858522444963455,,0.7334619760513306
0,480,,0.6118384003639221,,0.04687963426113129,,0.04877190664410591,,0.7074899673461914
0,481,,0.0,,0.0,,0.01242031529545784,,0.01242031529545784
0,482,,0.6367380619049072,,0.12800927460193634,,0.0981302559375763,,0.862877607345581
0,483,,0.0,,0.0,,0.00031625296105630696,,0.00031625296105630696
0,484,,0.5910279154777527,,0.05334370955824852,,0.05338355898857117,,0.6977552175521851
0,485,,0.6419851779937744,,0.15697604417800903,,0.2500980794429779,,1.049059271812439
0,486,,0.0,,0.0,,0.00040336709935218096,,0.00040336709935218096
0,487,,0.6292412281036377,,0.06065448001027107,,0.04438779875636101,,0.7342835068702698
0,488,,0.629100501537323,,0.027950892224907875,,0.8248847126960754,,1.4819360971450806
0,489,,0.61690753698349,,0.0795692652463913,,0.045234110206365585,,0.741710901260376
0,490,,0.6428579688072205,,0.1341453343629837,,0.09012135118246078,,0.8671246767044067
0,491,,0.0,,0.0,,0.00034934052382595837,,0.00034934052382595837
0,492,,0.6307250261306763,,0.13354437053203583,,0.14614920318126678,,0.9104186296463013
0,493,,0.6292418241500854,,0.04919290542602539,,0.050534363836050034,,0.7289690971374512
0,494,,0.632322371006012,,0.14146050810813904,,0.6724252700805664,,1.4462082386016846
0,495,,0.6866891980171204,,0.33051833510398865,,0.36951306462287903,,1.3867206573486328
0,496,,0.6315391659736633,,0.04410878196358681,,0.0693560540676117,,0.7450039982795715
0,497,,0.0,,0.0,,0.0003529993409756571,,0.0003529993409756571
0,498,,0.0,,0.0,,0.00748772919178009,,0.00748772919178009
0,499,,0.6295197606086731,,0.052097123116254807,,0.0959782749414444,,0.7775951623916626
0,499,0.4518585503101349,,0.08268945664167404,,0.28608426451683044,,0.8206324577331543,
